0.118059,1.000000,-1.000000,-0.118654,1.000000,-1.000000,0.094856,1.000000,-1.000000,-0.095517,1.000000,-1.000000,0.081146,0.081111,0.117298,0.117267
-0.085453,0.003464,0.020853,0.086733,0.003785,0.020363,-0.120320,0.808530,0.296115,0.121770,0.808530,0.295877,-0.050398,-0.050342,-0.164313,-0.164273
-0.002017,-0.610974,-0.166206,0.491249,-0.005380,-0.607647,0.587968,-0.252650,-0.351666,-0.312736,-0.452477,0.479103,0.033854,0.051285,0.052757,0.004164
-0.380208,-0.536234,-0.439278,0.351416,-0.226654,-0.099129,0.578587,-0.661396,-0.601935,-0.673226,-0.700737,0.421649,0.030039,-0.035267,0.096873,0.055316
0.091844,0.123697,-0.378126,0.680841,0.376665,-0.105300,0.725565,-0.741868,-0.357536,-0.740348,-0.749613,-0.195350,-0.026328,-0.043386,0.066635,0.075227
-0.564065,0.636009,-0.290053,-0.213209,0.503706,0.479717,0.098057,-0.757711,-0.258190,-0.757411,-0.759235,-0.055475,-0.068000,-0.082613,0.047400,0.008554
0.483987,0.736870,0.302276,0.466816,0.710823,0.466726,0.630961,-0.760830,0.260065,-0.095360,0.459216,-0.622577,-0.121749,-0.025874,-0.027782,0.075951
-0.516371,0.756727,-0.552145,-0.519752,0.542478,-0.044661,-0.487436,-0.761444,0.246116,-0.630430,0.702064,-0.298174,-0.376517,-0.108541,-0.032878,-0.031460
0.509996,0.627158,0.404479,0.509330,0.147809,-0.190294,0.515692,0.461747,-0.161564,0.487540,0.749874,-0.394002,-0.299668,0.043625,-0.085224,-0.050017
-0.454535,0.361291,0.471750,-0.511382,-0.582556,0.455280,-0.510129,0.664445,0.223894,-0.213013,0.759287,0.534087,-0.144565,0.035238,-0.065505,-0.515562
0.522169,-0.380060,0.704531,0.009801,-0.726346,0.494689,-0.232069,0.742468,0.655735,0.569719,0.761140,0.602873,-0.036547,0.155750,-0.166049,-0.361710
0.025696,-0.578611,0.750360,-0.609726,-0.754655,0.709047,-0.657344,0.757829,0.437750,0.325517,0.761505,0.730346,0.053647,0.198243,-0.186289,-0.337485
0.616715,-0.725570,0.759382,-0.116604,-0.760228,0.054647,-0.590202,0.760853,0.697837,0.675742,0.761577,0.755442,0.100479,0.202025,-0.214470,-0.139947
0.275478,-0.754502,0.736641,-0.634612,-0.761325,-0.116554,-0.727851,0.761448,0.712656,0.447228,0.308433,0.760383,0.097856,0.081058,-0.161120,-0.082854
0.665890,-0.760198,0.524664,-0.172261,-0.761541,-0.542226,-0.754951,0.653582,0.751960,0.699704,-0.347379,0.761356,0.082662,0.078199,-0.153605,0.007444
0.308541,-0.560128,0.327787,-0.552567,-0.761584,-0.656558,-0.760286,0.704147,0.565254,0.373998,-0.413884,0.284808,0.100409,0.034885,-0.060438,0.053440
0.611582,-0.605666,0.401632,-0.030077,-0.610988,-0.740915,-0.707006,0.154581,0.722847,0.685286,-0.693139,0.527938,0.057027,0.017628,-0.057237,0.020806
0.131787,-0.236897,0.188735,-0.236896,0.353248,-0.647120,-0.750847,0.260320,0.037930,0.097802,-0.732489,-0.188101,0.073815,-0.070618,0.039307,0.058976
0.470997,-0.444576,0.315094,0.501480,0.681201,-0.330269,-0.403910,-0.518699,0.543344,0.521133,-0.755864,0.037800,0.071858,-0.096929,-0.013210,0.008752
-0.346702,-0.094580,-0.161737,-0.084553,0.745767,0.194352,-0.662176,0.110577,-0.504685,-0.275549,-0.760466,-0.251024,0.079983,-0.110655,0.108929,0.034117
0.311855,-0.243480,-0.043842,0.595009,0.745032,0.425689,0.265196,-0.589886,0.512296,0.387068,-0.761372,-0.262454,0.072969,-0.047841,-0.063756,0.019624
-0.550259,0.281059,-0.468802,-0.494514,0.411519,0.695463,-0.376457,0.495522,-0.510798,-0.535452,-0.721860,-0.159967,0.042418,-0.044195,0.094827,0.002093
0.503324,-0.285780,-0.045208,0.514299,0.213615,0.629725,0.537541,-0.514100,0.511093,0.506239,-0.511754,-0.212560,0.053143,0.027059,-0.147259,0.001142
-0.512564,0.223024,-0.543544,-0.510404,0.171630,0.570384,-0.505828,0.510443,-0.511035,-0.511990,-0.186113,0.197439,0.091961,-0.036721,0.107384,-0.043160
0.510745,-0.567748,0.315382,0.511170,0.596394,-0.385959,0.512071,0.275028,0.511046,0.510858,0.414983,-0.149741,0.091681,0.090546,-0.160372,-0.006193
-0.511103,-0.361718,-0.506139,-0.511019,-0.208455,0.535670,-0.510842,0.665802,-0.204191,-0.511081,0.549961,0.533629,0.178089,0.008613,-0.082614,-0.096042
0.511033,-0.682869,0.499000,0.511049,0.336219,0.067277,0.511084,0.642538,0.571456,0.511037,0.719929,-0.506598,0.183744,0.113047,-0.217024,0.001714
-0.511047,-0.104916,-0.513415,-0.511043,-0.543178,0.624901,-0.511036,0.738155,-0.004042,-0.511046,0.752123,0.442246,0.422182,0.073425,-0.136406,-0.197228
0.511044,-0.632311,0.334794,0.511044,-0.047127,0.015901,0.511046,0.341470,0.610860,0.511044,0.759730,-0.400807,0.023656,0.155078,-0.231820,-0.073884
-0.511044,0.001783,-0.545743,-0.511044,-0.620934,0.614786,-0.511044,0.631488,0.136784,-0.511044,0.296618,0.532747,0.155861,0.069147,-0.095027,-0.246570
0.511044,-0.611305,0.504213,0.511044,-0.052506,-0.129798,0.511044,-0.307700,0.638585,0.511044,0.670052,-0.254779,-0.120335,0.083546,-0.167692,-0.014577
-0.511044,0.491305,-0.512389,-0.511044,-0.588379,0.574271,-0.511044,0.193952,0.000350,-0.511044,-0.341034,0.561496,0.158856,0.028927,0.021804,-0.142247
0.511044,-0.514930,0.510779,0.511044,0.387478,-0.446454,0.511044,-0.533452,0.611725,0.511044,0.504619,-0.501112,-0.196792,0.070983,-0.083877,0.081813
-0.511044,0.510279,-0.511096,-0.511044,-0.496865,0.523760,-0.511044,-0.068325,-0.257992,-0.511044,-0.512309,0.513000,0.110667,-0.063926,0.076052,-0.040919
0.511044,-0.511195,0.511034,0.511044,0.505397,-0.508541,0.511044,-0.625107,0.560864,0.511044,0.351282,-0.510659,-0.198445,0.063533,-0.013857,0.163875
-0.511044,0.511015,-0.511046,-0.511044,-0.482194,0.506843,-0.511044,-0.155182,-0.437730,-0.511044,-0.542497,0.511120,0.069622,-0.097892,0.105019,-0.112830
0.511044,0.410952,0.511044,0.511044,0.410029,-0.449681,0.511044,-0.642207,0.525478,0.511044,0.504852,-0.511029,-0.206633,0.060618,0.020933,0.194808
-0.511044,0.692562,-0.509343,-0.511044,-0.530932,0.523125,-0.511044,-0.109435,-0.508203,-0.511044,-0.512263,0.511047,-0.082869,-0.067235,0.208733,-0.182879
0.511044,0.244100,0.511379,0.511044,0.028235,-0.259825,0.511044,-0.633201,0.511604,0.511044,0.510804,-0.511044,-0.272729,0.099505,0.069220,0.218643
-0.511044,0.659713,0.152580,-0.511044,-0.606097,0.560503,-0.511044,-0.046208,-0.510934,-0.511044,-0.511091,0.511044,-0.037571,-0.013299,0.184223,-0.214903
0.511044,0.317506,0.641695,0.511044,-0.229997,-0.330410,0.511044,-0.620753,0.511066,0.511044,0.511035,-0.511044,-0.245483,0.116841,-0.104727,0.171918
-0.511044,0.674165,-0.063143,-0.511044,-0.656936,0.546606,-0.511044,0.489445,-0.511040,-0.511044,-0.511046,0.511044,-0.031720,0.051187,0.411956,-0.204507
0.511044,-0.267348,0.599225,0.511044,-0.300096,-0.469635,0.511044,-0.515296,0.511045,0.511044,0.511044,-0.511044,-0.218291,0.149454,-0.258153,0.178121
-0.511044,0.559022,-0.195920,-0.511044,-0.670737,0.519197,-0.511044,0.510207,-0.511044,-0.511044,-0.210947,0.511044,0.017942,0.009367,0.405428,-0.170197
0.511044,-0.501599,0.573084,0.511044,-0.167662,-0.509439,0.511044,-0.511209,0.511044,0.511044,0.570126,-0.511044,-0.044718,0.169657,-0.301218,0.108758
-0.511044,0.308111,-0.489608,-0.511044,-0.644664,0.511360,-0.511044,0.511012,-0.511044,-0.511044,0.578376,0.511044,0.118803,0.011262,0.176533,-0.159247
0.511044,-0.550997,0.515265,0.511044,0.484738,-0.510982,0.511044,0.301928,0.511044,0.511044,0.725523,-0.511044,0.081149,0.234541,-0.147055,-0.015759
-0.511044,0.503179,-0.510213,-0.511044,-0.516223,0.511056,-0.511044,0.671098,-0.511044,-0.511044,0.555138,0.510536,0.232157,-0.230001,0.011383,-0.218502
0.511044,-0.512593,0.511208,0.511044,0.510025,-0.511042,0.511044,-0.101094,0.511044,0.511044,0.720948,-0.050648,-0.097350,0.432047,-0.236338,-0.054544
-0.511044,0.510739,-0.511012,-0.511044,-0.511245,0.511045,-0.511044,0.591753,-0.220863,-0.511044,0.457776,0.601684,0.198854,-0.319609,-0.017668,-0.249483
0.511044,-0.511104,0.511051,0.511044,0.511005,-0.511044,0.511044,-0.495155,0.568174,0.511044,0.457058,-0.112489,-0.167961,0.312263,-0.114630,-0.018088
-0.511044,0.511032,-0.511043,-0.511044,-0.511052,0.511044,-0.511044,-0.024443,-0.349952,-0.511044,-0.477976,0.589510,0.137094,-0.200656,0.088183,-0.165972
0.511044,-0.511047,0.511044,0.511044,0.497464,-0.511044,0.511044,-0.616468,0.542759,0.511044,0.103283,-0.352083,-0.193659,0.172370,0.001142,0.059065
-0.511044,0.511044,-0.511044,-0.511044,-0.513718,0.511044,-0.511044,-0.207670,-0.484873,-0.511044,-0.591322,0.542340,0.114018,-0.135041,0.117280,-0.070275
0.511044,0.191497,0.511044,0.511044,-0.149276,-0.338761,0.511044,-0.652541,0.516197,0.511044,0.120443,-0.504883,-0.204511,0.039247,-0.025413,0.162029
-0.511044,0.649357,-0.032041,-0.511044,-0.641044,0.544962,-0.511044,0.483187,-0.510030,-0.511044,-0.587944,0.512257,-0.075764,-0.135592,0.219529,-0.082890
0.511044,0.065552,0.605348,0.511044,-0.433389,-0.200235,0.511044,-0.516529,0.511244,0.511044,0.341253,-0.510805,-0.255673,0.076021,-0.185964,0.197083
-0.511044,0.624561,0.085900,-0.511044,-0.696979,0.572235,-0.511044,0.509965,-0.511005,-0.511044,-0.544472,0.511091,-0.049230,-0.094545,0.320480,-0.113288
0.511044,-0.432063,0.628567,0.511044,-0.526626,-0.342704,0.511044,-0.511257,0.511052,0.511044,0.306150,-0.511035,-0.108655,0.155574,-0.343403,0.144179
-0.511044,0.526594,-0.053773,-0.511044,-0.715335,0.544186,-0.511044,0.511002,-0.511043,-0.511044,-0.551383,0.497866,0.043341,-0.021854,0.426833,-0.108351
0.511044,-0.507983,0.601069,0.511044,-0.158674,-0.504519,0.511044,-0.511052,0.511045,0.511044,0.245586,-0.513639,0.012420,0.199928,-0.339393,0.041003
-0.511044,0.439152,-0.117050,-0.511044,-0.642895,0.512329,-0.511044,0.511043,-0.511044,-0.511044,0.525251,0.190928,0.066012,-0.035460,0.407835,-0.095128
0.511044,-0.525198,0.588612,0.511044,0.329954,-0.510791,0.511044,-0.511045,0.511044,0.511044,0.540461,-0.024316,0.041018,0.398475,-0.323555,-0.025322
-0.511044,0.508258,-0.435562,-0.511044,-0.546696,0.511094,-0.511044,0.511044,-0.511044,-0.511044,0.718059,0.330420,0.085206,-0.175189,0.214445,-0.071895
0.511044,-0.511593,0.525905,0.511044,0.504025,-0.511034,0.511044,0.579548,0.511044,0.511044,0.164797,0.360287,0.008330,0.503042,-0.260065,0.001124
-0.511044,0.510936,-0.508119,-0.511044,-0.512426,0.511046,-0.511044,0.725754,-0.511044,-0.511044,0.457316,0.660964,0.124310,-0.337457,-0.051484,-0.053598
0.511044,-0.511065,0.511620,0.511044,0.510772,-0.511044,0.511044,0.234312,0.511044,0.511044,0.128213,0.038031,-0.063644,0.384844,-0.282215,0.056801
-0.511044,0.511040,-0.510931,-0.511044,-0.511098,0.511044,-0.511044,0.657786,-0.231788,-0.511044,0.323911,0.563353,0.139262,-0.330901,-0.058956,-0.053889
0.511044,-0.511045,0.511067,0.511044,0.511034,-0.511044,0.511044,-0.464771,0.566023,0.511044,0.437136,-0.460023,-0.119706,0.383697,-0.185685,0.040633
-0.511044,0.511044,-0.511040,-0.511044,-0.511046,0.511044,-0.511044,0.476463,-0.054102,-0.511044,-0.091523,0.521089,0.269668,-0.238567,-0.014681,-0.116897
0.511044,-0.511044,0.511045,0.511044,0.259555,-0.511044,0.511044,-0.517852,0.601005,0.511044,0.481048,-0.401295,-0.178149,0.268442,-0.102163,0.050692
-0.511044,0.511044,-0.511044,-0.511044,-0.560556,0.511044,-0.511044,0.002059,-0.200358,-0.511044,-0.317273,0.532651,0.135551,-0.130890,0.068705,-0.095159
0.511044,-0.511044,0.511044,0.511044,-0.112541,-0.511044,0.511044,-0.611250,0.572210,0.511044,0.465973,-0.506790,-0.195088,0.153256,-0.004424,0.114019
-0.511044,0.511044,-0.511044,-0.511044,-0.633812,0.511044,-0.511044,0.039686,-0.499002,-0.511044,-0.519918,0.511882,0.066543,-0.075704,0.178387,-0.098069
0.511044,-0.063195,0.511044,0.511044,-0.091602,-0.511044,0.511044,-0.603843,0.513415,0.511044,0.356402,-0.510879,-0.241359,0.130030,-0.105657,0.183765
-0.511044,0.599214,0.049080,-0.511044,-0.629690,0.511044,-0.511044,0.492775,-0.510577,-0.511044,-0.541489,0.511077,-0.073271,-0.126265,0.229600,-0.112419
0.511044,-0.340507,0.621318,0.511044,-0.148943,-0.511044,0.511044,-0.514641,0.511136,0.511044,0.457120,-0.511038,-0.132077,0.133400,-0.225450,0.166414
-0.511044,0.472334,0.006958,-0.511044,-0.640979,0.511044,-0.511044,0.510336,-0.511026,-0.511044,-0.521661,0.511045,0.029020,-0.003703,0.214426,-0.155065
0.511044,-0.518665,0.613026,0.511044,0.410543,-0.511044,0.511044,-0.511184,0.511048,0.511044,0.508954,-0.511044,0.000964,0.223687,-0.248180,0.104492
-0.511044,0.204299,-0.159518,-0.511044,-0.530830,0.511044,-0.511044,0.511017,-0.511044,-0.511044,0.401254,0.511044,0.113183,-0.147211,0.154038,-0.165371
0.511044,-0.571435,0.580251,0.511044,0.507149,-0.511044,0.511044,-0.239643,0.511044,0.511044,0.690652,-0.511044,0.108565,0.440363,-0.227968,0.004860
-0.511044,0.178067,-0.497419,-0.511044,-0.511811,0.511044,-0.511044,0.564476,-0.511044,-0.511044,0.747628,0.248248,0.192051,-0.335060,0.158900,-0.242683
0.511044,-0.576599,0.513727,0.511044,0.510893,-0.511044,0.511044,-0.500525,0.511044,0.511044,0.668882,0.201387,-0.031686,0.422696,-0.131797,-0.160067
-0.511044,0.498138,-0.510516,-0.511044,-0.511074,0.511044,-0.511044,0.513115,-0.126331,-0.511044,0.743342,0.651304,0.309830,-0.345060,0.020873,-0.261035
0.511044,-0.513585,0.511148,0.511044,0.511038,-0.511044,0.511044,-0.510637,0.586784,0.511044,0.486424,0.208960,-0.137440,0.305026,-0.110301,-0.121398
-0.511044,0.510544,-0.511024,-0.511044,-0.511045,0.511044,-0.511044,0.511125,-0.496133,-0.511044,-0.114755,0.652795,0.274437,-0.297334,0.101454,-0.155306
0.511044,-0.511143,0.511048,0.511044,0.510402,-0.511044,0.511044,-0.511028,0.513980,0.511044,0.240592,-0.305390,-0.219889,0.191534,-0.114758,0.067126
-0.511044,0.511025,-0.511043,-0.511044,-0.511171,0.511044,-0.511044,0.511047,-0.510466,-0.511044,-0.564289,0.551532,0.216711,-0.169452,0.244571,-0.031163
0.511044,-0.511048,0.511044,0.511044,0.511019,-0.511044,0.511044,-0.511044,0.511158,0.511044,0.033760,-0.503073,-0.175052,0.177170,-0.194781,0.164112
-0.511044,0.511043,-0.511044,-0.511044,-0.511049,0.511044,-0.511044,0.511044,-0.511022,-0.511044,-0.605009,0.512614,0.075820,-0.205956,0.273041,-0.084439
0.511044,-0.384851,0.511044,0.511044,0.430662,-0.511044,0.511044,-0.511044,0.511049,0.511044,0.376249,-0.510735,-0.225585,0.164209,-0.241708,0.221617
-0.511044,0.535888,-0.338815,-0.511044,-0.526869,0.511044,-0.511044,0.511044,-0.511043,-0.511044,-0.537582,0.511105,-0.037022,-0.110749,0.263664,-0.127975
0.511044,-0.397720,0.544952,0.511044,0.507929,-0.511044,0.511044,-0.511044,0.511044,0.511044,0.505820,-0.511032,-0.115161,0.247321,-0.260443,0.150724
-0.511044,0.533355,-0.010119,-0.511044,-0.511658,0.511044,-0.511044,0.511044,-0.511044,-0.511044,-0.282593,0.511047,0.018432,-0.160107,0.206493,-0.159621
0.511044,-0.504746,0.609664,0.511044,0.510923,-0.511044,0.511044,-0.481047,0.511044,0.511044,0.556020,-0.511044,-0.016441,0.433896,-0.254883,0.200354
-0.511044,0.103047,-0.076664,-0.511044,-0.511068,0.511044,-0.511044,0.516950,-0.511044,-0.511044,0.136382,0.511044,0.103825,-0.239187,0.241909,-0.051037
0.511044,-0.591368,0.590035,0.511044,0.511040,-0.511044,0.511044,0.213501,0.511044,0.511044,0.412144,0.097527,0.060259,0.431934,-0.208615,-0.031551
-0.511044,-0.034103,-0.294291,-0.511044,-0.511045,0.511044,-0.511044,0.653689,-0.329710,-0.511044,0.243473,0.630856,0.122125,-0.259752,-0.044737,-0.228417
0.511044,-0.618370,0.553717,0.511044,0.511044,-0.511044,0.511044,0.437626,0.546744,0.511044,0.659589,0.087927,0.055114,0.396746,-0.326796,-0.025157
-0.511044,0.268298,-0.502643,-0.511044,-0.511044,0.511044,-0.511044,0.697813,-0.322254,-0.511044,0.083171,0.628966,0.202712,-0.298609,-0.070639,-0.240279
0.511044,-0.558835,0.512698,0.511044,0.511044,-0.511044,0.511044,-0.325347,0.548212,0.511044,0.419721,-0.081424,-0.064481,0.381676,-0.258989,0.003193
-0.511044,0.501636,-0.510719,-0.511044,-0.511044,0.511044,-0.511044,0.547603,-0.379203,-0.511044,-0.432635,0.595626,0.312675,-0.216198,0.016486,-0.145307
0.511044,-0.512897,0.511108,0.511044,0.511044,-0.511044,0.511044,-0.503847,0.537000,0.511044,0.449067,-0.494392,-0.186853,0.144048,-0.127678,0.097605
-0.511044,0.510680,-0.511032,-0.511044,-0.483286,0.511044,-0.511044,0.060927,-0.448408,-0.511044,-0.523246,0.514323,0.325358,-0.180861,0.084537,-0.098269
0.511044,-0.511116,0.511047,0.511044,0.516509,-0.360934,0.511044,-0.599661,0.523376,0.511044,0.508642,-0.510399,-0.268371,-0.008788,-0.018722,0.192616
-0.511044,0.511030,-0.511044,-0.511044,-0.418742,0.502640,-0.511044,-0.058616,-0.508616,-0.511044,-0.511517,0.511171,0.303458,-0.180477,0.149133,-0.145858
0.511044,-0.511047,0.511044,0.511044,0.408318,0.093610,0.511044,-0.623196,0.511522,0.511044,0.510951,-0.511019,-0.259460,-0.077156,-0.094642,0.225357
-0.511044,0.272701,-0.463494,-0.511044,-0.531268,0.630085,-0.511044,0.384545,-0.510950,-0.511044,-0.511063,0.511049,0.090695,-0.156352,0.162999,-0.184912
0.511044,-0.557968,0.520406,0.511044,0.158836,-0.049124,0.511044,-0.535949,0.511063,0.511044,0.511041,-0.511043,-0.078732,0.062744,-0.123806,0.197541
-0.511044,0.057677,-0.208666,-0.511044,-0.580385,0.601984,-0.511044,0.506141,-0.511041,-0.511044,-0.511045,0.511044,0.110139,0.003877,0.141765,-0.207625
0.511044,-0.600301,0.570575,0.511044,0.069026,-0.363506,0.511044,-0.512010,0.511045,0.511044,0.511044,-0.511044,-0.016912,0.131214,-0.146517,0.130891
-0.511044,0.354475,-0.499324,-0.511044,-0.598066,0.540091,-0.511044,0.510854,-0.511044,-0.511044,0.171906,0.511044,0.137416,0.037690,0.113193,-0.190757
0.511044,-0.541869,0.513352,0.511044,0.031360,-0.505326,0.511044,0.414762,0.511044,0.511044,0.645500,-0.511044,-0.014488,0.180005,-0.031696,0.097257
-0.511044,0.504976,-0.510590,-0.511044,-0.605482,0.512170,-0.511044,0.693312,-0.508960,-0.511044,0.722729,0.511044,0.269295,0.037695,0.030695,-0.202140
0.511044,-0.512239,0.511134,0.511044,0.342215,-0.510823,0.511044,0.170296,0.511455,0.511044,0.753943,-0.265866,-0.143223,0.269526,-0.200333,-0.095571
-0.511044,0.510809,-0.511027,-0.511044,-0.544282,0.511088,-0.511044,0.645183,0.017807,-0.511044,0.379565,0.559314,0.377504,-0.118628,-0.033398,-0.300270
0.511044,-0.511091,0.511048,0.511044,0.504501,-0.511036,0.511044,-0.163534,0.615162,0.511044,0.686382,-0.374363,-0.239581,0.355569,-0.250041,-0.001646
-0.511044,0.511035,-0.511044,-0.511044,-0.512333,0.511046,-0.511044,0.579460,-0.062805,-0.511044,-0.464592,0.537953,0.362102,-0.244522,-0.000549,-0.139541
0.511044,-0.511046,0.511044,0.511044,0.510791,-0.511044,0.511044,-0.496106,0.599291,0.511044,0.272921,-0.505747,-0.272201,0.226542,-0.199492,0.108818
-0.511044,0.511044,-0.511044,-0.511044,-0.511094,0.511044,-0.511044,0.300811,-0.383551,-0.511044,-0.557925,0.512087,0.327250,-0.232243,0.073153,-0.103831
0.511044,-0.511044,0.511044,0.511044,0.461715,-0.511044,0.511044,-0.552434,0.536144,0.511044,0.501815,-0.510839,-0.226172,0.117529,-0.104968,0.233457
-0.511044,0.511044,-0.511044,-0.511044,-0.520756,0.511044,-0.511044,0.372220,-0.506103,-0.511044,-0.512861,0.511085,0.121775,-0.140170,0.151269,-0.141497
0.511044,-0.462885,0.511044,0.511044,0.036326,-0.276034,0.511044,-0.538375,0.512017,0.511044,0.510686,-0.511036,-0.201047,0.054544,-0.120779,0.208971
-0.511044,0.520526,-0.417808,-0.511044,-0.604504,0.557312,-0.511044,0.505663,-0.510853,-0.511044,-0.511115,0.511046,0.045826,-0.104517,0.231660,-0.164415
0.511044,-0.509178,0.529400,0.511044,-0.317769,-0.417290,0.511044,-0.512104,0.511082,0.511044,0.510279,-0.511044,-0.138364,0.124062,-0.207641,0.161461
-0.511044,0.488580,-0.345213,-0.511044,-0.674216,0.529502,-0.511044,0.510836,-0.511037,-0.511044,-0.511195,0.511044,0.058110,-0.034339,0.281840,-0.145564
0.511044,-0.515467,0.543692,0.511044,-0.205414,-0.507410,0.511044,-0.511085,0.511046,0.511044,0.507216,-0.511044,-0.087270,0.198664,-0.263990,0.080681
-0.511044,0.356332,-0.033712,-0.511044,-0.652096,0.511760,-0.511044,0.511036,-0.511044,-0.511044,0.378763,0.511044,0.044319,-0.037454,0.261190,-0.117016
0.511044,-0.541503,0.605019,0.511044,0.209058,-0.510903,0.511044,-0.511046,0.511044,0.511044,0.686225,-0.168631,-0.048013,0.256296,-0.231018,0.015716
-0.511044,0.023317,-0.024839,-0.511044,-0.570498,0.511072,-0.511044,0.511044,-0.511044,-0.511044,0.746756,0.566775,0.119019,-0.145191,0.185256,-0.089859
0.511044,-0.607065,0.606766,0.511044,0.499339,-0.511039,0.511044,0.576497,0.511044,0.511044,0.758673,0.136762,0.008980,0.461008,-0.227287,0.023112
-0.511044,-0.319531,-0.318910,-0.511044,-0.513349,0.511045,-0.511044,0.725153,-0.222167,-0.511044,0.666544,0.205740,0.143741,-0.289420,0.011074,-0.045000
0.511044,-0.674563,0.474463,0.511044,0.510591,-0.511044,0.511044,0.754420,0.324840,0.511044,0.473725,-0.414144,0.164021,0.270136,-0.312629,0.154278
-0.511044,-0.015526,-0.518246,-0.511044,-0.511134,0.511044,-0.511044,0.760182,0.110524,-0.511044,-0.518391,0.530121,0.287062,-0.202243,-0.230269,0.012377
0.511044,-0.614712,0.509626,0.511044,0.511027,-0.511044,0.511044,0.761316,0.633415,0.511044,0.319161,-0.384050,-0.000222,0.258142,-0.351200,0.069355
-0.511044,0.490635,-0.511323,-0.511044,-0.511048,0.511044,-0.511044,0.761539,0.040163,-0.511044,-0.460501,0.536046,0.286075,-0.065881,-0.167492,-0.070060
0.511044,-0.515062,0.510989,0.511044,0.511044,-0.511044,0.511044,0.372136,0.619563,0.511044,0.520995,-0.500862,-0.177076,0.116175,-0.323128,0.070409
-0.511044,0.510253,-0.511055,-0.511044,-0.204402,0.511044,-0.511044,0.570303,0.102449,-0.511044,-0.509085,0.513049,0.264187,-0.103085,-0.040531,-0.098309
0.511044,-0.511200,0.511042,0.511044,0.571414,0.018085,0.511044,-0.083211,0.631825,0.511044,0.511430,-0.510650,-0.270514,-0.062436,-0.116664,0.107824
-0.511044,0.511014,-0.511045,-0.511044,-0.203364,0.535407,-0.511044,-0.217814,0.107167,-0.511044,-0.510968,0.511122,0.459960,-0.123302,0.058285,-0.101051
0.511044,-0.511050,0.511044,0.511044,0.571619,0.043267,0.511044,-0.644550,0.632754,0.511044,0.511059,-0.511029,-0.278486,-0.107692,-0.007209,0.172154
-0.511044,0.511043,-0.511044,-0.511044,-0.194203,0.591395,-0.511044,-0.724901,-0.055578,-0.511044,-0.511041,0.511047,0.258978,-0.185187,0.099303,-0.173819
0.511044,-0.511044,0.511044,0.511044,0.573422,0.156832,0.511044,-0.665293,0.476231,0.511044,0.511045,-0.511044,-0.252587,-0.156232,0.128574,0.277885
-0.511044,0.511044,-0.511044,-0.511044,-0.302472,0.618178,-0.511044,-0.742635,-0.323473,-0.511044,-0.511044,0.511044,0.324076,-0.186552,0.159301,-0.271410
0.511044,-0.511044,0.511044,0.511044,0.552107,0.249917,0.511044,-0.734986,0.236321,0.511044,0.511044,-0.511044,-0.193018,-0.171066,0.178275,0.320687
-0.511044,0.511044,-0.511044,-0.511044,-0.480737,0.660858,-0.511044,-0.756356,-0.565130,-0.511044,-0.511044,0.511044,0.176938,-0.183766,0.154982,-0.297952
0.511044,-0.511044,0.511044,0.511044,0.331997,0.328869,0.511044,-0.686592,0.144504,0.511044,0.511044,-0.511044,-0.173175,-0.104980,-0.014889,0.317897
-0.511044,0.511044,-0.511044,-0.511044,-0.546294,0.676402,-0.511044,-0.165191,-0.583207,-0.511044,-0.511044,0.511044,0.226753,-0.096738,0.068357,-0.312567
0.511044,-0.511044,0.511044,0.511044,-0.288114,0.433229,0.511044,0.149931,0.351376,0.511044,0.511044,-0.511044,-0.088376,0.012664,-0.079212,0.307827
-0.511044,0.501391,-0.511044,-0.511044,-0.668378,0.696947,-0.511044,0.460177,-0.323292,-0.511044,-0.511044,0.511044,0.224042,-0.006104,0.022820,-0.304518
0.511044,-0.512945,0.511044,0.511044,-0.447414,0.036335,0.511044,0.702253,0.242261,0.511044,0.511044,-0.511044,-0.129045,0.173853,0.024369,0.283831
-0.511044,0.460364,-0.511044,-0.511044,-0.699740,0.594349,-0.511044,0.698196,-0.244368,-0.511044,-0.176258,0.511044,0.228931,0.096439,0.018200,-0.037530
0.511044,-0.521022,0.511044,0.511044,-0.560135,-0.362151,0.511044,0.430988,0.563546,0.511044,0.576955,-0.511044,-0.195323,0.227807,-0.165900,0.033672
-0.511044,0.509080,-0.511044,-0.511044,-0.721932,0.510677,-0.511044,0.696506,-0.122350,-0.511044,0.024669,0.511044,0.188514,0.126858,-0.026800,-0.198880
0.511044,-0.511431,0.511044,0.511044,-0.295925,-0.511116,0.511044,0.011267,0.587568,0.511044,0.616513,-0.511044,-0.244372,0.220001,-0.172751,0.021696
-0.511044,0.510968,-0.511044,-0.511044,-0.669916,0.511030,-0.511044,0.543540,-0.143693,-0.511044,-0.390017,0.511044,0.152388,0.044461,0.005435,-0.161614
0.511044,-0.225192,0.511044,0.511044,0.479766,-0.511047,0.511044,-0.483150,0.583366,0.511044,0.496298,-0.511044,-0.222908,0.259462,-0.088259,0.080272
-0.511044,0.567321,-0.511044,-0.511044,-0.517202,0.511044,-0.511044,0.104345,-0.372721,-0.511044,-0.513947,0.511044,0.041200,-0.154664,0.078903,-0.075056
0.511044,0.452016,0.511044,0.511044,0.509832,-0.511044,0.511044,-0.591113,0.538276,0.511044,0.081201,-0.511044,-0.337476,0.290305,0.019566,0.129048
-0.511044,0.700646,-0.202483,-0.511044,-0.511283,0.511044,-0.511044,0.223298,-0.505683,-0.511044,-0.595669,0.511044,-0.152191,-0.271280,0.150189,-0.114001
0.511044,0.482144,0.571792,0.511044,0.510997,-0.511044,0.511044,-0.567694,0.512100,0.511044,0.457273,-0.511044,-0.342372,0.275219,-0.108596,0.269790
-0.511044,0.706578,-0.098293,-0.511044,-0.511053,0.511044,-0.511044,0.499891,-0.510836,-0.511044,-0.521630,0.511044,-0.127229,-0.273744,0.247304,-0.175674
0.511044,-0.239032,0.592304,0.511044,0.511042,-0.511044,0.511044,-0.513240,0.511085,0.511044,0.508960,-0.511044,-0.144482,0.218271,-0.222859,0.336185
-0.511044,0.564597,-0.063227,-0.511044,-0.511045,0.511044,-0.511044,0.510612,-0.511036,-0.511044,-0.511455,0.511044,0.014900,-0.148124,0.258172,-0.238201
0.511044,-0.500501,0.599208,0.511044,0.511044,-0.511044,0.511044,-0.511129,0.511046,0.511044,0.510963,-0.511044,0.026819,0.248767,-0.282315,0.220825
-0.511044,-0.161243,-0.132029,-0.511044,-0.511044,0.511044,-0.511044,0.511027,-0.511044,-0.511044,-0.266427,0.511044,0.153544,-0.149991,0.180272,-0.074425
0.511044,-0.643400,0.585663,0.511044,0.511044,-0.511044,0.511044,0.125714,0.511044,0.511044,0.559203,-0.511044,0.160948,0.413072,-0.229922,0.136739
-0.511044,-0.559069,-0.354490,-0.511044,-0.511044,0.511044,-0.511044,0.636406,-0.511044,-0.511044,0.415490,0.511044,0.227715,-0.301301,0.070595,-0.110668
0.511044,-0.721722,0.411563,0.511044,0.511044,-0.511044,0.511044,0.344979,0.511044,0.511044,0.693455,-0.050150,0.132049,0.381634,-0.227874,-0.016447
-0.511044,0.027090,-0.530630,-0.511044,-0.511044,0.511044,-0.511044,0.679573,-0.453250,-0.511044,0.481102,0.601783,0.265258,-0.320223,-0.029019,-0.228974
0.511044,-0.606322,0.507188,0.511044,0.511044,-0.511044,0.511044,-0.289042,0.522423,0.511044,0.685103,-0.139907,-0.070912,0.395010,-0.226165,-0.037262
-0.511044,0.492286,-0.511803,-0.511044,-0.511044,0.511044,-0.511044,0.554751,-0.507629,-0.511044,0.228957,0.584112,0.182756,-0.307299,0.027547,-0.225872
0.511044,-0.514737,0.510895,0.511044,0.511044,-0.511044,0.511044,-0.502440,0.511717,0.511044,0.500624,-0.218796,-0.180287,0.206823,-0.110331,0.014901
-0.511044,0.510317,-0.511074,-0.511044,-0.511044,0.511044,-0.511044,0.457949,-0.510912,-0.511044,-0.352999,0.568580,0.139811,-0.189562,0.082131,-0.101648
0.511044,-0.511187,0.511038,0.511044,0.212507,-0.500584,0.511044,-0.521497,0.511070,0.511044,0.394461,-0.499717,-0.206719,0.097300,0.007086,0.103615
-0.511044,0.511016,-0.511045,-0.511044,-0.569819,0.511535,-0.511044,-0.118847,-0.478072,-0.511044,-0.533996,0.513274,0.087257,-0.073406,0.124462,-0.087240
0.511044,0.048260,0.511044,0.511044,0.041228,-0.463990,0.511044,-0.635054,0.517536,0.511044,0.492321,-0.510605,-0.187908,0.101623,0.058118,0.155634
-0.511044,0.621157,-0.511044,-0.511044,-0.603539,0.520308,-0.511044,0.257767,-0.509766,-0.511044,-0.514730,0.511131,0.002483,-0.096482,0.160267,-0.135207
0.511044,0.193756,0.511044,0.511044,-0.211581,-0.311929,0.511044,-0.560908,0.511296,0.511044,0.510319,-0.511027,-0.246263,0.110594,-0.106544,0.205712
-0.511044,0.649801,-0.015876,-0.511044,-0.653311,0.550245,-0.511044,0.501227,-0.510995,-0.511044,-0.511187,0.511048,-0.039070,-0.014011,0.228807,-0.171203
0.511044,-0.003417,0.608530,0.511044,-0.069093,-0.503327,0.511044,-0.512977,0.511054,0.511044,0.511016,-0.511044,-0.159653,0.133113,-0.183238,0.187563
-0.511044,0.610983,-0.099425,-0.511044,-0.625258,0.512564,-0.511044,0.510664,-0.511042,-0.511044,-0.511050,0.511044,0.008310,0.070454,0.251842,-0.189611
0.511044,-0.345694,0.592081,0.511044,0.438900,-0.510745,0.511044,-0.511119,0.511045,0.511044,0.511043,-0.511044,-0.096122,0.180569,-0.069186,0.097934
-0.511044,0.500784,-0.166358,-0.511044,-0.525248,0.511103,-0.511044,0.511029,-0.511044,-0.511044,0.428764,0.511044,0.053035,-0.058707,0.196113,-0.114065
0.511044,-0.513064,0.578904,0.511044,0.508248,-0.511033,0.511044,-0.511047,0.511044,0.511044,0.696068,-0.511044,-0.005149,0.266947,-0.023055,-0.036470
-0.511044,0.395880,-0.497684,-0.511044,-0.511595,0.511047,-0.511044,0.511044,-0.511044,-0.511044,0.662575,0.511044,0.162963,-0.177259,0.109701,-0.291995
0.511044,-0.533717,0.513674,0.511044,0.510936,-0.511044,0.511044,-0.511044,0.511044,0.511044,0.742100,-0.147359,0.023405,0.323420,-0.061171,-0.122629
-0.511044,0.285065,-0.510526,-0.511044,-0.511066,0.511044,-0.511044,0.511044,-0.511044,-0.511044,0.757756,0.582645,0.229145,-0.222532,0.108644,-0.328659
0.511044,-0.555534,0.511146,0.511044,0.511040,-0.511044,0.511044,-0.511044,0.511044,0.511044,0.760839,-0.048614,-0.011760,0.189385,-0.087678,-0.139922
-0.511044,0.502285,-0.511024,-0.511044,-0.511045,0.511044,-0.511044,0.511044,-0.511044,-0.511044,0.479534,0.602085,0.268305,-0.139399,0.127690,-0.275365
0.511044,-0.512769,0.511048,0.511044,0.352252,-0.511044,0.511044,-0.511044,0.511044,0.511044,0.652263,0.163246,-0.124147,0.130444,-0.143340,-0.073897
-0.511044,0.510705,-0.511043,-0.511044,-0.542306,0.511044,-0.511044,0.511044,-0.511044,-0.511044,0.000238,0.643795,0.250718,-0.087773,0.192112,-0.168336
0.511044,-0.511111,0.511044,0.511044,0.170053,-0.511044,0.511044,-0.511044,0.511044,0.511044,0.261174,0.236590,-0.310772,0.138243,-0.183264,-0.034215
-0.511044,0.511031,-0.511044,-0.511044,-0.578177,0.511044,-0.511044,0.511044,-0.511044,-0.511044,-0.381428,0.658234,0.348674,-0.097217,0.302203,-0.124792
0.511044,-0.511047,0.511044,0.511044,0.440182,-0.511044,0.511044,-0.511044,0.511044,0.511044,-0.055496,-0.006830,-0.252563,0.129944,-0.268605,0.045996
-0.511044,0.511044,-0.511044,-0.511044,-0.524995,0.511044,-0.511044,0.511044,-0.511044,-0.511044,-0.496133,0.589904,0.070060,-0.152085,0.329978,0.015048
0.511044,-0.511044,0.511044,0.511044,0.508298,-0.511044,0.511044,-0.511044,0.511044,0.511044,-0.475676,-0.495519,-0.268579,0.170695,-0.328125,0.165909
-0.511044,0.511044,-0.344609,-0.511044,-0.511585,0.511044,-0.511044,0.511044,-0.511044,-0.511044,-0.705304,0.490899,-0.033975,-0.248752,0.334670,-0.024040
0.511044,-0.511044,0.543811,0.511044,0.510938,-0.511044,0.511044,-0.511044,0.511044,0.511044,0.472799,-0.515010,-0.128923,0.270175,-0.290838,0.252516
-0.511044,0.406289,-0.170879,-0.511044,-0.511065,0.511044,-0.511044,0.511044,-0.511044,-0.511044,-0.518574,0.510263,0.042463,-0.329449,0.299668,-0.141807
0.511044,-0.531668,0.576345,0.511044,0.511040,-0.511044,0.511044,-0.511044,0.511044,0.511044,0.509562,-0.511198,-0.007174,0.374463,-0.278754,0.175330
-0.511044,-0.150653,-0.121373,-0.511044,-0.511045,0.511044,-0.511044,0.511044,-0.511044,-0.511044,-0.432366,0.511014,0.119196,-0.300096,0.157372,-0.087688
0.511044,-0.641315,0.587761,0.511044,0.511044,-0.511044,0.511044,-0.200918,0.511044,0.511044,0.509867,-0.511050,-0.026160,0.416783,-0.221055,0.167496
-0.511044,-0.398622,-0.023272,-0.511044,-0.511044,0.511044,-0.511044,0.572100,-0.511044,-0.511044,-0.474623,0.511043,0.124161,-0.241619,0.078454,-0.018306
0.511044,-0.690134,0.607074,0.511044,0.511044,-0.511044,0.511044,0.724288,0.434678,0.511044,0.248430,-0.511044,0.018935,0.317515,-0.282335,0.141939
-0.511044,-0.003568,-0.492138,-0.511044,-0.511044,0.511044,-0.511044,0.754249,-0.433502,-0.511044,-0.562746,0.511044,0.142176,-0.207799,-0.097949,-0.091881
0.511044,-0.612358,0.514766,0.511044,0.511044,-0.511044,0.511044,0.735885,0.526310,0.511044,0.500865,-0.511044,-0.014295,0.364657,-0.337800,0.174878
-0.511044,0.491098,-0.510311,-0.511044,-0.511044,0.511044,-0.511044,0.756533,-0.106293,-0.511044,-0.513048,0.511044,0.258641,-0.164457,-0.116629,-0.156271
0.511044,-0.514971,0.511188,0.511044,0.511044,-0.511044,0.511044,0.579831,0.590729,0.511044,0.510650,-0.511044,-0.194508,0.197292,-0.289861,0.233833
-0.511044,0.510271,-0.511016,-0.511044,-0.511044,0.511044,-0.511044,0.608777,0.230910,-0.511044,-0.511122,0.511044,0.305748,-0.073374,-0.120393,-0.192337
0.511044,-0.511196,0.511050,0.511044,0.482987,0.046705,0.511044,0.548346,0.657116,0.511044,0.511029,-0.511044,-0.310280,-0.015720,-0.158939,0.279676
-0.511044,0.511014,-0.511043,-0.511044,-0.472947,0.476541,-0.511044,-0.095921,0.326043,-0.511044,-0.511047,0.511044,0.373107,-0.070631,0.006508,-0.226065
0.511044,-0.511050,0.511044,0.511044,0.518545,0.085508,0.511044,0.088773,0.613471,0.511044,0.511044,-0.511044,-0.288902,-0.065059,-0.035984,0.267970
-0.511044,0.511043,-0.511044,-0.511044,-0.455858,0.460760,-0.511044,-0.429607,0.157005,-0.511044,-0.511044,0.511044,0.326101,-0.079914,0.087000,-0.267353
0.511044,-0.511044,0.511044,0.511044,0.520221,-0.044673,0.511044,-0.263130,0.505250,0.511044,0.511044,-0.511044,-0.283425,-0.029922,0.027041,0.259755
-0.511044,0.511044,-0.511044,-0.511044,-0.490431,0.451230,-0.511044,-0.663459,-0.077002,-0.511044,-0.511044,0.511044,0.326242,-0.091005,0.158121,-0.298497
0.511044,-0.511044,0.511044,0.511044,0.515103,-0.104346,0.511044,-0.571061,0.229809,0.511044,0.511044,-0.511044,-0.176401,-0.029333,0.070736,0.327419
-0.511044,0.435919,-0.511044,-0.511044,-0.510245,0.591113,-0.511044,-0.724083,-0.483817,-0.511044,-0.511044,0.511044,0.097463,-0.123110,0.095492,-0.316368
0.511044,-0.256281,0.511044,0.511044,0.511202,-0.234479,0.511044,-0.746299,-0.275706,0.511044,0.511044,-0.511044,-0.142896,0.009672,0.019128,0.376475
-0.511044,0.267627,-0.381541,-0.511044,-0.511013,0.565493,-0.511044,-0.758583,-0.665935,-0.511044,-0.511044,0.511044,0.057022,-0.154423,0.057015,-0.159271
0.511044,-0.434268,0.536540,0.511044,0.432399,-0.226657,0.511044,-0.493810,-0.220511,0.511044,0.511044,-0.511044,-0.130357,0.073254,-0.030029,0.191820
-0.511044,0.030065,-0.193973,-0.511044,-0.526527,0.567033,-0.511044,-0.484356,-0.464036,-0.511044,-0.511044,0.511044,0.072148,-0.077422,0.017519,-0.142445
0.511044,-0.605737,0.573467,0.511044,0.413552,-0.500022,0.511044,-0.161101,0.271728,0.511044,0.511044,-0.511044,-0.086110,0.129951,-0.080584,0.162330
-0.511044,-0.208521,-0.297991,-0.511044,-0.530238,0.513214,-0.511044,0.214822,-0.087556,-0.511044,-0.511044,0.511044,0.163879,-0.090750,-0.000729,-0.152100
0.511044,-0.652708,0.552989,0.511044,0.507265,-0.510617,0.511044,0.468893,0.594418,0.511044,0.511044,-0.511044,-0.053907,0.248921,-0.105167,0.106198
-0.511044,-0.053998,-0.502786,-0.511044,-0.511788,0.511128,-0.511044,0.703969,-0.022462,-0.511044,-0.511044,0.511044,0.157691,-0.237077,0.019167,-0.134970
0.511044,-0.622287,0.512670,0.511044,0.510898,-0.511028,0.511044,0.696921,0.607233,0.511044,0.511044,-0.511044,-0.003790,0.422534,-0.117451,0.147267
-0.511044,0.420234,-0.510724,-0.511044,-0.511073,0.511047,-0.511044,0.748862,-0.492107,-0.511044,-0.511044,0.511044,0.264998,-0.325370,-0.070776,-0.150884
0.511044,-0.528922,0.511107,0.511044,0.511039,-0.511044,0.511044,0.434775,0.514772,0.511044,0.511044,-0.511044,-0.088897,0.319696,-0.256282,0.140014
-0.511044,0.507524,-0.511032,-0.511044,-0.511045,0.511044,-0.511044,0.697252,-0.122897,-0.511044,-0.511044,0.511044,0.307440,-0.307545,-0.088898,-0.168017
0.511044,-0.511737,0.511047,0.511044,0.511044,-0.511044,0.511044,0.279319,0.587461,0.511044,0.511044,-0.511044,-0.148537,0.379844,-0.230973,0.161739
-0.511044,0.510908,-0.511044,-0.511044,-0.511044,0.511044,-0.511044,0.535331,0.048570,-0.511044,-0.511044,0.511044,0.272464,-0.180975,-0.047987,-0.210112
0.511044,-0.511071,0.511044,0.511044,0.511044,-0.511044,0.511044,0.321619,0.516847,0.511044,0.511044,-0.511044,-0.140875,0.084427,-0.091979,0.276628
-0.511044,0.511039,-0.511044,-0.511044,-0.504497,0.471386,-0.511044,-0.207802,0.152527,-0.511044,-0.511044,0.511044,0.248770,-0.112180,0.045116,-0.270734
0.511044,-0.511045,0.511044,0.511044,0.493795,0.058541,0.511044,0.180277,0.315473,0.511044,0.511044,-0.511044,-0.212813,-0.041387,0.004690,0.329815
-0.511044,0.511044,-0.511044,-0.511044,-0.514440,0.501799,-0.511044,-0.486397,0.075118,-0.511044,-0.511044,0.511044,0.215560,-0.065044,0.108827,-0.297606
0.511044,-0.511044,0.511044,0.511044,0.399429,-0.024153,0.511044,-0.308756,0.282457,0.511044,0.511044,-0.511044,-0.216245,-0.000139,0.087674,0.315318
-0.511044,0.511044,-0.511044,-0.511044,-0.533018,0.303345,-0.511044,-0.672442,-0.023036,-0.511044,-0.511044,0.511044,0.280040,-0.040961,0.126798,-0.315553
0.511044,-0.511044,0.511044,0.511044,0.252541,-0.136189,0.511044,-0.383704,0.122813,0.511044,0.511044,-0.511044,-0.381644,0.018021,0.068469,0.314540
-0.511044,0.502623,-0.511044,-0.511044,-0.561937,0.477772,-0.511044,-0.687197,-0.176374,-0.511044,-0.511044,0.511044,0.079519,-0.026651,0.117323,-0.298265
0.511044,-0.490768,0.511044,0.511044,-0.008165,-0.028263,0.511044,-0.267713,0.025937,0.511044,0.511044,-0.511044,-0.247946,0.045854,0.027653,0.261792
-0.511044,0.105931,-0.467249,-0.511044,-0.613263,0.606092,-0.511044,-0.597767,-0.299571,-0.511044,-0.511044,0.511044,0.073752,-0.043951,0.044084,-0.267656
0.511044,-0.590801,0.519666,0.511044,-0.004651,0.093390,0.511044,-0.064633,-0.042371,0.511044,0.511044,-0.511044,-0.147509,0.034931,-0.018292,0.250754
-0.511044,0.135360,-0.509347,-0.511044,-0.612571,0.625523,-0.511044,-0.526880,-0.139204,-0.511044,-0.511044,0.511044,0.164276,-0.016321,0.018402,-0.272924
0.511044,-0.585007,0.511378,0.511044,-0.038512,-0.018473,0.511044,0.265528,0.074025,0.511044,0.511044,-0.511044,-0.143170,0.078081,-0.032166,0.290455
-0.511044,0.487434,-0.510978,-0.511044,-0.619238,0.608019,-0.511044,0.172424,-0.142597,-0.511044,-0.511044,0.511044,0.247807,0.004764,0.011134,-0.311753
0.511044,-0.515692,0.511057,0.511044,0.326674,-0.491952,0.511044,0.645602,0.011811,0.511044,0.511044,-0.511044,-0.196776,0.129081,-0.022989,0.308289
-0.511044,0.510129,-0.511042,-0.511044,-0.547342,0.514803,-0.511044,0.738758,-0.291700,-0.511044,-0.511044,0.511044,0.243673,-0.001081,-0.019767,-0.333591
0.511044,-0.511224,0.511045,0.511044,0.503898,-0.510304,0.511044,0.757098,0.197189,0.511044,0.511044,-0.511044,-0.164965,0.176440,-0.202735,0.326966
-0.511044,0.511009,-0.511044,-0.511044,-0.512451,0.511190,-0.511044,0.742052,-0.225081,-0.511044,-0.148937,0.511044,0.305672,-0.142368,-0.080588,-0.208542
0.511044,-0.511051,0.511044,0.511044,0.510767,-0.511016,0.511044,0.292699,0.526449,0.511044,0.582334,-0.511044,-0.244692,0.336491,-0.164879,-0.008165
-0.511044,0.511043,-0.511044,-0.511044,-0.511099,0.511050,-0.511044,0.669281,-0.489572,-0.511044,0.324060,0.511044,0.378033,-0.277853,0.034913,-0.279590
0.511044,-0.511045,0.511044,0.511044,0.511033,-0.511043,0.511044,-0.473948,0.515272,0.511044,0.675455,-0.460506,-0.282307,0.281991,-0.074531,-0.038058
-0.511044,0.511044,-0.511044,-0.511044,-0.511046,0.511044,-0.511044,0.137135,-0.510212,-0.511044,-0.250374,0.520994,0.168985,-0.188104,0.123251,-0.168790
0.511044,-0.511044,0.511044,0.511044,0.398657,-0.511044,0.511044,-0.584657,0.511208,0.511044,0.341076,-0.369919,-0.160907,0.185343,-0.079964,0.060964
-0.511044,0.130157,-0.136424,-0.511044,-0.533170,0.511044,-0.511044,0.362651,-0.511012,-0.511044,-0.544507,0.538828,0.040984,-0.136188,0.155095,-0.078224
0.511044,-0.586031,0.584797,0.511044,0.506688,-0.511044,0.511044,-0.540259,0.511051,0.511044,0.382612,-0.505574,-0.092635,0.186547,-0.126082,0.160343
-0.511044,0.214203,-0.116093,-0.511044,-0.511902,0.511044,-0.511044,0.505293,-0.511043,-0.511044,-0.536329,0.512121,0.027829,-0.202132,0.165069,-0.109218
0.511044,-0.569485,0.588800,0.511044,0.510875,-0.511044,0.511044,-0.512177,0.511044,0.511044,0.506066,-0.510832,-0.089498,0.180549,-0.183792,0.229126
-0.511044,0.473901,-0.450776,-0.511044,-0.511077,0.511044,-0.511044,0.510821,-0.511044,-0.511044,-0.512024,0.511086,0.080818,-0.209884,0.142143,-0.144229
0.511044,-0.518357,0.522909,0.511044,0.511038,-0.511044,0.511044,-0.070592,0.511044,0.511044,0.510851,-0.511036,-0.080976,0.188337,-0.215368,0.202726
-0.511044,0.509605,-0.508708,-0.511044,-0.511046,0.511044,-0.511044,0.597758,-0.511044,-0.511044,-0.511082,0.511046,0.195309,-0.197305,0.047071,-0.172796
0.511044,-0.511328,0.511504,0.511044,0.503240,-0.511044,0.511044,0.525455,0.511044,0.511044,0.511037,-0.511044,-0.119937,0.221765,-0.260398,0.154831
-0.511044,0.510988,-0.510954,-0.511044,-0.512581,0.511044,-0.511044,0.715104,0.040060,-0.511044,-0.511046,0.511044,0.266776,-0.116832,-0.116446,-0.177012
0.511044,-0.511055,0.511062,0.511044,0.393346,-0.511044,0.511044,0.520190,0.619542,0.511044,0.511044,-0.511044,-0.211071,0.198958,-0.238935,0.156469
-0.511044,0.511042,-0.511041,-0.511044,-0.534216,0.511044,-0.511044,0.656886,0.119712,-0.511044,-0.511044,0.511044,0.302292,-0.082231,-0.043644,-0.189800
0.511044,-0.511045,0.511045,0.511044,0.304126,-0.511044,0.511044,0.549281,0.621604,0.511044,0.511044,-0.511044,-0.187836,0.289150,-0.220252,0.117189
-0.511044,0.502423,-0.511044,-0.511044,-0.551781,0.511044,-0.511044,0.719795,-0.075446,-0.511044,-0.152837,0.511044,0.326317,-0.058517,-0.013324,-0.205283
0.511044,-0.512741,0.511044,0.511044,-0.131463,-0.511044,0.511044,0.438533,0.582890,0.511044,0.581566,-0.511044,-0.137108,0.253727,-0.193262,0.126907
-0.511044,0.501327,-0.511044,-0.511044,-0.637538,0.511044,-0.511044,0.697992,-0.328356,-0.511044,0.367199,0.511044,0.312153,0.000094,0.010872,-0.205232
0.511044,-0.512957,0.511044,0.511044,0.366052,-0.511044,0.511044,0.005886,0.547011,0.511044,0.683948,0.032720,-0.138010,0.272423,-0.076679,-0.081434
-0.511044,0.510668,-0.511044,-0.511044,-0.539590,0.511044,-0.511044,0.612815,-0.503963,-0.511044,0.713769,0.618097,0.316302,-0.139577,0.097323,-0.302314
0.511044,-0.511118,0.511044,0.511044,0.505424,-0.511044,0.511044,-0.491008,0.512438,0.511044,0.752179,0.145812,-0.131237,0.368676,-0.100176,-0.128420
-0.511044,0.511030,-0.511044,-0.511044,-0.512151,0.511044,-0.511044,0.514989,-0.510770,-0.511044,0.594226,0.640362,0.260323,-0.242752,0.170843,-0.213955
0.511044,-0.511047,0.511044,0.511044,0.510826,-0.511044,0.511044,-0.510268,0.511098,0.511044,0.475594,0.180739,-0.228294,0.316952,-0.128665,-0.058706
-0.511044,0.511044,-0.511044,-0.511044,-0.511087,0.511044,-0.511044,0.511197,-0.511034,-0.511044,0.415628,0.583432,0.364968,-0.276469,0.206124,-0.147743
0.511044,-0.511044,0.511044,0.511044,0.511036,-0.511044,0.511044,-0.511014,0.511046,0.511044,0.467274,0.029360,-0.196796,0.288415,-0.166918,-0.022278
-0.511044,0.511044,-0.511044,-0.511044,-0.498749,0.511044,-0.511044,0.511050,-0.511044,-0.511044,0.385963,0.603405,0.219788,-0.172909,0.195508,-0.141373
0.511044,-0.511044,0.511044,0.511044,0.404180,-0.276564,0.511044,-0.511043,0.511044,0.511044,0.455512,0.291967,0.039529,0.031989,-0.152669,-0.051710
-0.511044,-0.225991,-0.231872,-0.511044,-0.056000,0.557207,-0.511044,0.511044,-0.511044,-0.511044,0.646670,0.464353,0.167035,-0.140912,0.169496,-0.143920
0.511044,-0.656148,0.467411,0.511044,0.400137,-0.181317,0.511044,-0.511044,0.511044,0.511044,0.683100,0.145434,0.162232,0.047741,-0.155039,-0.084728
-0.511044,-0.326768,-0.230734,-0.511044,-0.317184,0.575959,-0.511044,0.511044,-0.511044,-0.511044,0.516278,0.577955,0.226052,-0.077519,0.115604,-0.159688
0.511044,-0.675988,0.566230,0.511044,0.284759,-0.435805,0.511044,-0.511044,0.511044,0.511044,0.598126,0.128723,0.114717,0.086645,-0.141197,-0.063089
-0.511044,-0.356366,-0.346079,-0.511044,-0.524859,0.525857,-0.511044,0.511044,-0.511044,-0.511044,0.083528,0.636998,0.127973,-0.047299,0.077604,-0.155200
0.511044,-0.681815,0.517289,0.511044,0.453522,-0.508128,0.511044,-0.251060,0.511044,0.511044,0.445411,0.074227,0.114961,0.115824,-0.145478,-0.008779
-0.511044,0.268020,-0.509815,-0.511044,-0.522369,0.511618,-0.511044,0.562228,-0.431205,-0.511044,-0.363968,0.626269,0.158268,-0.089983,0.059456,-0.092849
0.511044,-0.558889,0.511286,0.511044,0.507250,-0.510931,0.511044,-0.151892,0.526762,0.511044,0.161366,-0.233148,-0.040925,0.130298,-0.114850,0.070523
-0.511044,0.501625,-0.510997,-0.511044,-0.511791,0.511066,-0.511044,0.581752,-0.507950,-0.511044,-0.515343,0.565755,0.134849,-0.124263,0.099151,-0.019766
0.511044,-0.512899,0.511054,0.511044,0.500346,-0.511040,0.511044,-0.287461,0.511653,0.511044,0.352522,-0.500273,-0.127566,0.133599,-0.115730,0.114824
-0.511044,0.510679,-0.511042,-0.511044,-0.513150,0.511045,-0.511044,0.555062,-0.510924,-0.511044,-0.542253,0.513165,0.125400,-0.139424,0.126797,-0.047955
0.511044,-0.511116,0.511045,0.511044,0.510630,-0.511044,0.511044,-0.470412,0.511068,0.511044,0.476814,-0.510627,-0.156162,0.147732,-0.004698,0.166548
-0.511044,0.509707,-0.511044,-0.511044,-0.511126,0.511044,-0.511044,-0.034497,-0.393913,-0.511044,-0.517783,0.511126,0.114376,-0.193385,0.091145,-0.121876
0.511044,-0.499024,0.511044,0.511044,0.474633,-0.511044,0.511044,-0.573161,0.534104,0.511044,0.509717,-0.511028,-0.178679,0.115655,-0.062150,0.217993
-0.511044,0.344025,-0.511044,-0.511044,-0.518213,0.511044,-0.511044,0.106388,-0.506504,-0.511044,-0.511305,0.511047,0.099408,-0.140371,0.138173,-0.198296
0.511044,-0.543926,0.511044,0.511044,0.182227,-0.433777,0.511044,-0.494662,0.511938,0.511044,0.510993,-0.511044,-0.179179,0.117590,-0.078932,0.220192
-0.511044,-0.020385,-0.353707,-0.511044,-0.575780,0.521497,-0.511044,0.273246,-0.510868,-0.511044,-0.511054,0.511044,0.089527,-0.096869,0.118594,-0.199219
0.511044,-0.615669,0.542020,0.511044,-0.105104,-0.175005,0.511044,0.265533,0.377669,0.511044,0.511042,-0.511044,-0.119898,0.093944,-0.030084,0.173067
-0.511044,-0.063866,-0.504946,-0.511044,-0.632348,0.577202,-0.511044,0.543942,-0.298908,-0.511044,-0.511045,0.511044,0.129508,-0.066542,0.044795,-0.186943
0.511044,-0.624229,0.512245,0.511044,-0.315778,-0.158999,0.511044,0.504273,0.359950,0.511044,0.511044,-0.511044,-0.070306,0.127299,-0.085121,0.139364
-0.511044,0.384672,-0.510808,-0.511044,-0.673824,0.550053,-0.511044,0.528771,0.039949,-0.511044,-0.511044,0.511044,0.167023,-0.032678,-0.021368,-0.164470
0.511044,-0.535924,0.511091,0.511044,-0.134432,-0.420511,0.511044,0.585161,0.459621,0.511044,0.511044,-0.511044,-0.172298,0.158121,-0.160429,0.131473
-0.511044,0.506146,-0.511035,-0.511044,-0.638122,0.528868,-0.511044,0.600707,0.039754,-0.511044,-0.511044,0.511044,0.209054,-0.019386,-0.036322,-0.161296
0.511044,-0.512009,0.511046,0.511044,0.379398,-0.507535,0.511044,0.647102,0.479759,0.511044,0.511044,-0.511044,-0.279026,0.149924,-0.178482,0.181605
-0.511044,0.510854,-0.511044,-0.511044,-0.536962,0.511735,-0.511044,0.529351,-0.125466,-0.511044,-0.511044,0.511044,0.330010,-0.109845,-0.007553,-0.145707
0.511044,-0.511082,0.511044,0.511044,0.505942,-0.510908,0.511044,0.065753,0.562685,0.511044,0.511044,-0.511044,-0.413692,0.195420,-0.102721,0.120197
-0.511044,0.511037,-0.511044,-0.511044,-0.512049,0.511071,-0.511044,-0.053019,-0.366914,-0.511044,-0.511044,0.511044,0.356292,-0.257322,0.093110,-0.146708
0.511044,-0.511046,0.511044,0.511044,0.510846,-0.511039,0.511044,-0.319764,0.109112,0.511044,0.511044,-0.511044,-0.342538,0.172806,-0.022091,0.174492
-0.511044,0.511044,-0.511044,-0.511044,-0.511083,0.511045,-0.511044,-0.169951,-0.590174,-0.511044,-0.511044,0.511044,0.448260,-0.293751,0.102401,-0.153552
0.511044,-0.511044,0.511044,0.511044,0.511037,-0.511044,0.511044,-0.645115,0.162748,0.511044,0.511044,-0.511044,-0.377642,0.237476,-0.054106,0.205904
-0.511044,0.500384,-0.511044,-0.511044,-0.511046,0.511044,-0.511044,-0.318971,-0.579615,-0.511044,-0.511044,0.511044,0.213051,-0.349568,0.093313,-0.170943
0.511044,-0.513143,0.511044,0.511044,-0.440505,-0.218002,0.511044,-0.674453,0.352574,0.511044,0.511044,-0.511044,-0.245839,0.031441,-0.065209,0.196243
-0.511044,0.361937,-0.511044,-0.511044,-0.698380,0.568737,-0.511044,-0.566448,-0.542243,-0.511044,-0.511044,0.511044,0.158530,-0.124510,0.069905,-0.154821
0.511044,-0.540400,0.511044,0.511044,-0.463584,-0.152333,0.511044,-0.644017,0.400384,0.511044,0.511044,-0.511044,-0.192219,0.086920,-0.080871,0.156006
-0.511044,0.505265,-0.511044,-0.511044,-0.702923,0.581665,-0.511044,-0.217829,-0.238902,-0.511044,-0.511044,0.511044,0.231703,-0.040589,0.032646,-0.168079
0.511044,-0.512182,0.511044,0.511044,0.057571,-0.497141,0.511044,0.027840,0.564622,0.511044,0.511044,-0.511044,-0.233372,0.158953,-0.100541,0.096582
-0.511044,0.510820,-0.511044,-0.511044,-0.600321,0.513781,-0.511044,0.400892,0.032603,-0.511044,0.018669,0.511044,0.355131,-0.023791,0.022768,-0.192339
0.511044,-0.511088,0.511044,0.511044,0.472258,-0.510505,0.511044,0.659843,0.618075,0.511044,0.615331,-0.469306,-0.286757,0.255813,-0.092957,0.065956
-0.511044,0.511036,-0.511044,-0.511044,-0.518680,0.511150,-0.511044,0.741562,0.159970,-0.511044,0.725610,0.434730,0.508727,-0.081127,0.025228,-0.329317
0.511044,-0.511046,0.511044,0.511044,0.501623,-0.511023,0.511044,0.757650,0.296772,0.511044,0.754510,-0.285887,-0.293693,0.299357,-0.151955,-0.117191
-0.511044,0.511044,-0.511044,-0.511044,-0.512899,0.511048,-0.511044,0.760818,-0.090364,-0.511044,0.334139,0.555372,0.392847,-0.151334,-0.046864,-0.264703
0.511044,-0.511044,0.511044,0.511044,0.510679,-0.511043,0.511044,0.528985,0.593865,0.511044,0.677439,0.048623,-0.270246,0.368083,-0.225425,-0.053829
-0.511044,0.511044,-0.511044,-0.511044,-0.511116,0.511044,-0.511044,0.715799,0.038597,-0.511044,-0.069299,0.621228,0.478132,-0.175294,-0.054273,-0.214694
0.511044,-0.511044,0.511044,0.511044,0.504953,-0.511044,0.511044,0.145258,0.619255,0.511044,0.496089,-0.268997,-0.325016,0.241972,-0.191610,0.032359
-0.511044,0.511044,-0.511044,-0.511044,-0.512244,0.511044,-0.511044,0.484296,-0.017000,-0.511044,-0.513988,0.558697,0.428282,-0.098592,0.005281,-0.088759
0.511044,-0.511044,0.511044,0.511044,0.510808,-0.511044,0.511044,-0.081906,0.608309,0.511044,0.478285,-0.501663,-0.296873,0.205848,-0.123405,0.170127
-0.511044,0.511044,-0.511044,-0.511044,-0.511091,0.511044,-0.511044,0.269434,-0.460392,-0.511044,-0.517494,0.512891,0.309442,-0.103413,0.084342,-0.105220
0.511044,-0.511044,0.511044,0.511044,0.241253,-0.287899,0.511044,-0.469509,0.521016,0.511044,0.418543,-0.510681,-0.348997,0.067302,-0.073344,0.219185
-0.511044,0.448720,-0.511044,-0.511044,-0.564159,0.445334,-0.511044,0.154606,-0.509081,-0.511044,-0.529255,0.511116,0.058450,-0.042690,0.132847,-0.146567
0.511044,-0.475328,0.511044,0.511044,0.185978,-0.274673,0.511044,-0.581218,0.491357,0.511044,0.507459,-0.511030,-0.163573,0.060524,-0.059344,0.191930
-0.511044,-0.003605,-0.276263,-0.511044,-0.575042,0.557580,-0.511044,-0.268419,-0.514920,-0.511044,-0.511750,0.511047,0.056046,-0.104632,0.112738,-0.203908
0.511044,-0.612365,0.557267,0.511044,0.040295,-0.194618,0.511044,-0.664501,0.494051,0.511044,0.510905,-0.511044,-0.132417,0.082529,-0.062288,0.136026
-0.511044,-0.152097,-0.349943,-0.511044,-0.603723,0.573340,-0.511044,0.216966,-0.514390,-0.511044,-0.482368,0.511044,0.168971,-0.053800,0.123005,-0.196772
0.511044,-0.641600,0.542761,0.511044,-0.193705,-0.498780,0.511044,-0.568941,0.510386,0.511044,0.516690,-0.511044,-0.044431,0.138785,-0.115636,0.092104
-0.511044,0.005564,-0.504800,-0.511044,-0.649791,0.513459,-0.511044,0.467864,-0.511174,-0.511044,0.380210,0.511044,0.175550,0.032140,0.084560,-0.181390
0.511044,-0.610560,0.512274,0.511044,0.466430,-0.510569,0.511044,-0.299991,0.511019,0.511044,0.686509,-0.511044,-0.000959,0.228468,-0.134751,0.082250
-0.511044,0.323136,-0.510802,-0.511044,-0.519828,0.511138,-0.511044,0.530558,-0.486593,-0.511044,0.288839,0.511044,0.276763,-0.112549,0.039280,-0.134093
0.511044,-0.548039,0.511092,0.511044,0.509315,-0.511026,0.511044,0.252657,0.515858,0.511044,0.668521,-0.320950,-0.095107,0.303602,-0.131151,-0.080269
-0.511044,0.465862,-0.511035,-0.511044,-0.511385,0.511048,-0.511044,0.661397,-0.364158,-0.511044,0.576355,0.548469,0.250015,-0.243402,0.058206,-0.269686
0.511044,-0.519939,0.511046,0.511044,0.510977,-0.511044,0.511044,0.171815,0.539962,0.511044,0.725125,-0.272995,-0.109459,0.407138,-0.131561,-0.072512
-0.511044,0.509293,-0.511044,-0.511044,-0.511057,0.511044,-0.511044,0.645482,-0.505351,-0.511044,0.253552,0.557910,0.294420,-0.320137,0.055883,-0.208075
0.511044,-0.511389,0.511044,0.511044,0.511042,-0.511044,0.511044,-0.221957,0.512165,0.511044,0.641577,-0.081461,-0.083963,0.410633,-0.143621,-0.035409
-0.511044,0.510976,-0.511044,-0.511044,-0.511045,0.511044,-0.511044,0.497465,-0.357029,-0.511044,-0.070870,0.595618,0.240774,-0.300903,0.022023,-0.186604
0.511044,-0.511058,0.511044,0.511044,0.511044,-0.511044,0.511044,-0.507930,0.541366,0.511044,0.342148,-0.088890,-0.100253,0.331359,-0.077514,0.026765
-0.511044,0.511042,-0.511044,-0.511044,-0.511044,0.511044,-0.511044,0.333911,-0.505075,-0.511044,-0.367370,0.594156,0.205052,-0.231932,0.114475,-0.097409
0.511044,-0.511045,0.511044,0.511044,0.511044,-0.511044,0.511044,-0.545917,0.512219,0.511044,0.208389,-0.494682,-0.101833,0.134475,-0.050430,0.113316
-0.511044,0.511044,-0.511044,-0.511044,-0.511044,0.511044,-0.511044,0.354608,-0.510813,-0.511044,-0.570629,0.514266,0.079797,-0.114364,0.147996,-0.071258
0.511044,-0.360136,0.511044,0.511044,0.116559,-0.345922,0.511044,-0.541843,0.511090,0.511044,0.170396,-0.510410,-0.151686,0.071910,-0.111607,0.156125
-0.511044,0.475134,-0.311678,-0.511044,-0.575162,0.513184,-0.511044,0.362588,-0.511035,-0.511044,-0.578109,0.511169,0.006350,-0.051915,0.161620,-0.092689
0.511044,-0.308781,0.550294,0.511044,0.105702,-0.394218,0.511044,-0.540272,0.511046,0.511044,-0.039840,-0.511020,-0.166946,0.102937,-0.129565,0.158558
-0.511044,0.417924,-0.203758,-0.511044,-0.590846,0.534044,-0.511044,0.505290,-0.511044,-0.511044,-0.619499,0.511049,-0.009649,-0.038041,0.165945,-0.102987
0.511044,-0.529377,0.571541,0.511044,-0.204967,-0.370233,0.511044,-0.512177,0.511044,0.511044,0.142698,-0.511043,-0.137521,0.173064,-0.147521,0.107923
-0.511044,-0.134523,0.018708,-0.511044,-0.652009,0.538766,-0.511044,0.510821,-0.511044,-0.511044,-0.142011,0.511044,0.065258,0.041558,0.143659,-0.130516
0.511044,-0.638140,0.615339,0.511044,-0.387343,-0.505586,0.511044,-0.214783,0.511044,0.511044,0.583697,-0.211937,-0.024051,0.168996,-0.164415,0.000262
-0.511044,-0.480318,-0.058131,-0.511044,-0.687914,0.512119,-0.511044,0.569370,-0.511044,-0.511044,0.726571,0.569931,0.209679,0.148409,0.075110,-0.141955
0.511044,-0.706218,0.600211,0.511044,0.331016,-0.510833,0.511044,0.612273,0.481581,0.511044,0.754699,-0.352225,0.106925,0.218464,-0.115086,-0.119131
-0.511044,-0.592035,-0.330583,-0.511044,-0.546487,0.511086,-0.511044,0.732197,-0.464734,-0.511044,0.760237,0.396075,0.244968,-0.113036,-0.060328,-0.310015
0.511044,-0.728212,0.143128,0.511044,0.504066,-0.511036,0.511044,0.329311,0.520162,0.511044,0.761327,0.138761,0.181218,0.351758,-0.190947,-0.186016
-0.511044,-0.755022,0.102477,-0.511044,-0.512418,0.511046,-0.511044,0.676489,-0.099430,-0.511044,0.761542,0.638974,0.058600,-0.192421,-0.077116,-0.332610
0.511044,-0.760300,0.067147,0.511044,0.510774,-0.511044,0.511044,-0.081234,0.592080,0.511044,0.761584,0.120273,0.172260,0.321345,-0.175766,-0.158311
-0.511044,-0.681908,-0.241576,-0.511044,-0.511097,0.511044,-0.511044,0.595663,-0.044812,-0.511044,0.761592,0.635335,0.056207,-0.037437,-0.034312,-0.299842
0.511044,-0.745906,0.125118,0.511044,0.511034,-0.511044,0.511044,-0.406404,0.602833,0.511044,0.761594,0.079175,-0.007725,0.258200,-0.106762,-0.095399
-0.511044,0.255007,-0.587023,-0.511044,-0.511046,0.511044,-0.511044,0.455011,-0.111652,-0.511044,-0.148117,0.627243,0.114934,-0.023646,0.009926,-0.178068
0.511044,-0.561451,0.496086,0.511044,0.511044,-0.511044,0.511044,-0.522076,0.589674,0.511044,0.376318,-0.374437,-0.157154,0.209836,-0.072874,0.047071
-0.511044,0.501120,-0.513989,-0.511044,-0.511044,0.511044,-0.511044,0.367101,-0.410265,-0.511044,-0.537568,0.537939,0.191173,-0.073352,0.097483,-0.081616
0.511044,-0.512998,0.510464,0.511044,0.511044,-0.511044,0.511044,-0.539383,0.530885,0.511044,0.409751,-0.505749,-0.269003,0.149811,-0.060882,0.140464
-0.511044,0.510660,-0.511158,-0.511044,-0.387267,0.511044,-0.511044,0.317481,-0.462948,-0.511044,-0.530986,0.512087,0.200513,-0.079945,0.102335,-0.108069
0.511044,-0.511120,0.511022,0.511044,0.535413,-0.451605,0.511044,-0.480477,0.520513,0.511044,0.507118,-0.510839,-0.246514,0.040166,-0.053687,0.181093
-0.511044,0.511029,-0.511049,-0.511044,-0.307833,0.522746,-0.511044,0.425179,-0.504439,-0.511044,-0.511817,0.511085,0.193457,-0.069908,0.092389,-0.152127
0.511044,-0.256869,0.511043,0.511044,0.437732,-0.015679,0.511044,-0.247629,0.512345,0.511044,0.510892,-0.511036,-0.070544,0.030100,-0.072662,0.169670
-0.511044,0.561085,-0.511044,-0.511044,-0.512259,0.608569,-0.511044,0.485200,-0.437435,-0.511044,-0.511074,0.511046,0.076817,-0.028318,0.083419,-0.185409
0.511044,-0.074769,0.511044,0.511044,0.316061,-0.112934,0.511044,-0.334004,0.525536,0.511044,0.511038,-0.511044,-0.050230,0.090019,-0.049215,0.152312
-0.511044,0.502745,-0.338766,-0.511044,-0.545794,0.589422,-0.511044,0.355556,-0.470382,-0.511044,-0.511045,0.511044,0.066616,-0.006158,0.106111,-0.186711
0.511044,-0.329579,0.544961,0.511044,0.321862,-0.259610,0.511044,-0.350471,0.510388,0.511044,0.511044,-0.511044,-0.048462,0.074388,-0.028069,0.179700
-0.511044,0.546770,-0.504367,-0.511044,-0.548289,0.560545,-0.511044,0.514037,-0.511173,-0.511044,0.304533,0.511044,0.104954,0.011365,0.105521,-0.096819
0.511044,-0.314083,0.512359,0.511044,0.122065,-0.479212,0.511044,-0.510455,0.511019,0.511044,0.671611,-0.296753,-0.066206,0.132604,-0.060557,-0.075465
-0.511044,0.549821,-0.474544,-0.511044,-0.587624,0.517311,-0.511044,0.511160,-0.511049,-0.511044,0.478773,0.553233,0.049753,0.031376,0.138951,-0.180833
0.511044,-0.448044,0.518230,0.511044,0.397799,-0.509810,0.511044,-0.511021,0.511043,0.511044,0.705914,-0.095031,-0.029852,0.179091,-0.151835,-0.082999
-0.511044,0.486532,-0.175971,-0.511044,-0.533339,0.511287,-0.511044,0.511049,-0.511044,-0.511044,0.451061,0.592947,0.040562,-0.131004,0.218368,-0.131512
0.511044,-0.487356,0.503559,0.511044,0.506655,-0.510996,0.511044,-0.511043,0.511044,0.511044,0.152077,0.189803,-0.020081,0.322287,-0.239060,-0.025786
-0.511044,0.515708,-0.261106,-0.511044,-0.511908,0.511054,-0.511044,0.511044,-0.511044,-0.511044,0.297023,0.567097,0.017808,-0.286760,0.338610,-0.063635
0.511044,-0.465155,0.504023,0.511044,0.510874,-0.511042,0.511044,-0.511044,0.511044,0.511044,-0.209410,0.144071,-0.073502,0.374286,-0.289768,0.053926
-0.511044,0.520079,-0.047966,-0.511044,-0.511078,0.511045,-0.511044,0.511044,-0.511044,-0.511044,0.189329,0.529023,-0.010815,-0.287134,0.307974,-0.061859
0.511044,-0.407732,0.590161,0.511044,0.511038,-0.511044,0.511044,-0.511044,0.511044,0.511044,0.002979,0.008405,-0.104288,0.227108,-0.223619,0.043825
-0.511044,0.531384,-0.098935,-0.511044,-0.511046,0.511044,-0.511044,0.511044,-0.511044,-0.511044,0.013284,0.604126,-0.002323,-0.207841,0.280703,-0.086368
0.511044,-0.460666,0.592178,0.511044,0.511044,-0.511044,0.511044,-0.511044,0.511044,0.511044,0.140093,0.086872,-0.103800,0.146776,-0.164147,0.010701
-0.511044,0.411784,-0.132420,-0.511044,-0.317239,0.511044,-0.511044,0.197851,-0.511044,-0.511044,0.043948,0.540858,0.039497,-0.161538,0.211357,-0.081247
0.511044,-0.524723,0.585586,0.511044,0.420835,-0.313360,0.511044,-0.572704,0.511044,0.511044,0.247522,0.067311,-0.084916,0.041533,-0.151475,0.010658
-0.511044,0.183009,0.013326,-0.511044,-0.379914,0.549963,-0.511044,0.371127,-0.511044,-0.511044,0.651370,0.232468,0.044529,-0.088091,0.303757,-0.116621
0.511044,-0.575626,0.614279,0.511044,0.307321,-0.503382,0.511044,-0.538590,0.511044,0.511044,0.739894,-0.226243,-0.033797,0.178029,-0.192913,-0.065744
-0.511044,0.146054,-0.229511,-0.511044,-0.551152,0.512553,-0.511044,0.505621,-0.511044,-0.511044,0.660121,0.448240,0.122790,-0.009895,0.152807,-0.214202
0.511044,-0.582901,0.566471,0.511044,0.112939,-0.510747,0.511044,-0.070498,0.511044,0.511044,0.741617,-0.178870,0.032571,0.254809,-0.227289,-0.041837
-0.511044,-0.222789,-0.500132,-0.511044,-0.589421,0.511103,-0.511044,0.597776,-0.395278,-0.511044,0.049938,0.576441,0.193656,0.018702,0.041923,-0.183917
0.511044,-0.655517,0.513193,0.511044,0.196935,-0.511033,0.511044,0.729343,0.533836,0.511044,0.621487,-0.218928,0.051541,0.227164,-0.157772,0.017745
-0.511044,0.340322,-0.510621,-0.511044,-0.572884,0.511046,-0.511044,0.755245,-0.309136,-0.511044,-0.320763,0.568554,0.268513,-0.126742,-0.054937,-0.124695
0.511044,-0.544655,0.511127,0.511044,0.498869,-0.511044,0.511044,0.760344,0.372295,0.511044,0.534912,-0.435851,-0.074479,0.353602,-0.357571,0.076831
-0.511044,0.504427,-0.511028,-0.511044,-0.513441,0.511044,-0.511044,0.761348,0.212688,-0.511044,-0.506345,0.525848,0.298066,-0.274006,-0.171023,-0.098895
0.511044,-0.512347,0.511047,0.511044,0.510572,-0.511044,0.511044,0.512577,0.653529,0.511044,0.415516,-0.508130,-0.209547,0.389711,-0.290574,0.151612
-0.511044,0.510788,-0.511044,-0.511044,-0.511137,0.511044,-0.511044,0.692493,0.111690,-0.511044,-0.529851,0.511618,0.370785,-0.194590,-0.102995,-0.129050
0.511044,-0.511095,0.511044,0.511044,0.511026,-0.511044,0.511044,0.218726,0.633645,0.511044,0.507342,-0.510931,-0.289970,0.103244,-0.169103,0.315483
-0.511044,0.511034,-0.511044,-0.511044,-0.350855,0.511044,-0.511044,0.138991,0.118546,-0.511044,-0.511773,0.511066,0.340334,-0.217957,0.004185,-0.221555
