23.700001,-14.882830,26.313015,19.406233,10.748512,-36.691147,23.700001,-13.843103,20.636375,23.700001,5.851071,2.060921
-23.700001,23.700001,-20.614836,-23.700001,-23.700001,39.210590,-23.700001,-0.933242,-6.736055,-23.700001,-2.118678,14.429198
23.700001,0.074939,30.726465,23.700001,0.599164,-14.878281,23.700001,-17.865831,15.436941,23.700001,3.276460,-10.118590
-23.700001,23.700001,-13.871321,-23.700001,-21.247456,20.601044,-17.677570,-1.555305,-13.643929,-18.500782,-13.684025,7.373337
23.700001,6.515539,26.246799,23.700001,-13.625006,-0.572304,23.700001,-16.370245,11.200678,23.700001,-1.703783,-24.997368
-23.700001,17.401550,7.965324,-23.172621,-23.700001,15.737962,-21.779888,2.660400,-23.562281,-19.278011,-22.774418,9.835135
23.700001,4.407675,20.976028,23.700001,-19.581869,-4.843667,23.700001,-21.214077,21.932419,23.700001,3.311399,-30.437717
-23.700001,11.440115,4.066826,-23.540846,-23.700001,10.459376,-23.132343,14.916707,-39.271530,-22.686192,-18.705050,17.080868
23.700001,-7.828771,17.452591,23.700001,-19.106731,-13.969136,23.700001,-23.700001,45.109383,23.700001,11.099366,-24.957901
-23.700001,1.967864,-1.567197,-23.700001,-23.700001,6.038669,-22.798878,22.137531,-45.430000,-22.677076,-3.328785,17.746380
23.700001,-16.170872,11.817970,23.700001,-13.967785,-22.698013,23.700001,-23.700001,45.430000,23.700001,15.541655,-9.347557
-23.700001,-0.973076,-5.286167,-23.700001,-23.700001,10.462206,-23.700001,23.700001,-45.430000,-20.732389,12.100439,13.338536
23.700001,-15.646478,7.855620,23.640713,-18.115665,-32.644714,23.700001,-9.912767,45.430000,23.700001,11.568518,3.056018
-23.700001,1.006309,-9.649956,-23.700001,-23.700001,21.282070,-23.700001,23.700001,-26.472397,-22.403509,11.674389,7.362062
23.700001,-14.897929,8.221148,17.877373,-7.417501,-45.430000,23.700001,13.452274,39.580254,23.700001,-1.160110,2.243180
-23.700001,0.747903,-15.260206,-23.700001,-23.700001,42.869125,-23.700001,23.700001,6.229051,-23.700001,2.740460,1.155806
23.700001,-17.029303,7.502055,17.900352,-0.662209,-39.339069,23.700001,5.806316,35.709480,23.700001,-2.874415,-7.516883
-23.700001,4.201768,-21.396610,-23.700001,-23.700001,42.250805,-22.989668,18.809227,9.268394,-23.193121,1.851434,1.416926
23.700001,-20.941948,16.365562,20.309515,-7.059294,-34.478424,23.700001,-4.391780,29.059776,23.700001,1.707410,-9.045237
-23.700001,14.170833,-25.642254,-23.700001,-23.700001,30.824205,-18.410263,10.209898,3.744221,-22.115944,0.124523,11.220962
23.700001,-11.215570,29.625095,22.237745,-11.073031,-22.659956,23.700001,-10.286378,20.515638,23.700001,7.353617,-6.438503
-23.700001,23.700001,-20.774296,-23.700001,-23.700001,17.122143,-19.023499,2.591347,-7.795740,-23.700001,-2.432644,9.605598
23.700001,2.483572,30.061974,23.700001,-11.492848,-14.946756,23.700001,-13.707292,8.200278,23.700001,2.274310,-15.361005
-23.700001,23.700001,-12.523415,-23.700001,-23.700001,12.288684,-19.131815,-4.910890,-21.754541,-23.700001,-17.410444,9.799228
23.700001,-0.111777,30.644821,23.700001,-13.275393,-9.405506,23.700001,-20.016811,11.374223,23.700001,-0.020247,-26.350338
-23.700001,9.791224,9.179182,-23.700001,-23.700001,11.001698,-20.298107,11.596769,-30.622349,-23.700001,-18.524937,15.582285
23.700001,-5.596144,21.082172,23.700001,-11.233264,-16.405376,23.700001,-17.784462,31.780037,23.700001,7.905931,-24.086887
-23.700001,0.799203,1.106346,-23.700001,-23.700001,7.619795,-23.700001,23.700001,-30.705883,-23.700001,-6.899082,23.317980
23.700001,-16.150787,12.870805,20.153564,-8.679083,-23.214581,23.700001,-8.176906,37.611320,23.700001,19.099804,-14.376574
-23.619030,-7.052599,-8.022369,-23.700001,-23.700001,16.312365,-23.700001,23.700001,-22.278549,-23.700001,9.832477,24.467587
23.700001,-21.366968,4.469965,16.912550,6.245120,-42.366539,22.518950,1.759708,33.886406,23.700001,23.700001,-5.557464
-18.202259,-11.501722,-16.286026,-23.700001,-23.700001,45.430000,-23.700001,23.700001,-16.629759,-23.700001,14.214344,25.784243
23.700001,-23.700001,3.206746,20.185833,12.609506,-45.430000,23.023991,-16.173611,40.693954,23.700001,13.804124,18.785954
-16.064823,3.622003,-20.931950,-23.700001,-23.700001,45.430000,-23.700001,11.888097,2.016024,-22.256441,18.788038,21.756927
23.700001,-20.460857,20.081341,17.491859,3.389523,-32.525307,21.351250,-9.731445,19.241959,23.700001,8.947088,5.947798
-16.027077,17.487278,-28.620329,-23.700001,-23.700001,37.078712,-23.700001,7.531352,-12.684453,-17.091160,1.980003,11.433464
23.700001,-12.961160,34.128063,19.365067,-0.570185,-19.725473,23.449205,-18.079330,13.172071,23.700001,1.657961,-8.604139
-20.301439,23.700001,-26.998945,-23.700001,-20.243668,20.924904,-23.700001,5.360837,-31.719948,-18.123161,-11.085477,7.448909
23.700001,-8.686441,37.074249,23.700001,1.702859,-16.502037,23.700001,-23.700001,24.915211,23.700001,-3.232626,-17.069817
-23.700001,21.781750,-11.775500,-23.700001,-20.640484,20.874527,-23.700001,9.555057,-38.849506,-23.700001,-14.954721,10.014266
23.700001,-6.424917,29.094963,23.700001,-4.232041,-18.601486,23.700001,-23.700001,33.962730,23.700001,2.174591,-22.455261
-23.700001,10.525438,0.951601,-23.700001,-22.328781,15.925120,-23.700001,19.443947,-37.465733,-23.700001,-11.168552,19.219112
23.700001,-10.635548,20.151016,23.700001,-4.369024,-26.565561,23.700001,-16.891607,38.317833,23.700001,13.441673,-20.639194
-23.700001,0.099961,0.784594,-23.700001,-23.700001,20.638369,-23.700001,23.700001,-29.874479,-23.700001,-1.594699,24.625130
21.262264,-17.662886,12.945585,23.700001,1.042652,-42.251221,23.700001,1.768847,35.822319,23.700001,17.169376,-13.236944
-23.700001,-8.358461,-5.829949,-23.700001,-23.700001,37.552795,-23.700001,23.700001,-18.928095,-23.700001,-6.850660,33.088848
22.270626,-20.578222,5.789264,23.700001,5.119425,-45.430000,23.700001,7.665030,36.789074,22.074972,7.767546,10.165056
-23.700001,-7.966816,-9.395824,-23.700001,-23.700001,40.266312,-23.700001,23.700001,6.942782,-23.700001,9.721756,20.108986
23.055134,-20.019806,3.189565,23.700001,14.479969,-44.161373,23.700001,12.714705,28.658049,16.491276,13.454654,3.917659
-23.700001,-6.811315,-17.776783,-23.700001,-23.700001,44.705357,-23.700001,23.401865,6.667445,-23.700001,4.309587,15.259235
23.700001,-22.932476,7.127693,23.700001,22.059710,-45.430000,23.700001,0.137316,28.695110,16.783375,8.378219,-1.453238
-23.700001,7.283187,-26.517788,-23.700001,-23.700001,45.430000,-23.700001,12.383969,-0.511646,-23.700001,-1.461540,10.458461
23.700001,-22.463787,28.096281,23.700001,14.133754,-16.121067,23.700001,-10.870880,21.368958,19.984869,4.095614,-14.274220
-18.238842,19.198952,-33.545437,-23.700001,-8.725142,27.842848,-23.700001,2.099990,-9.692289,-23.700001,-16.367216,10.387760
23.700001,-18.354507,42.166298,23.700001,6.543725,1.489855,23.700001,-13.045252,10.372163,23.700001,3.267483,-27.421049
-17.909420,23.700001,-37.095062,-23.700001,-9.387477,20.379589,-23.700001,-2.572530,-17.662910,-23.700001,-23.700001,18.263718
23.700001,-22.062084,45.430000,20.743307,1.636460,7.684914,23.700001,-13.867677,10.971921,23.700001,6.161395,-32.723255
-19.257738,-1.885560,-8.169586,-23.700001,-12.712215,17.484905,-23.700001,2.995263,-23.314169,-23.700001,-23.486042,25.924416
23.700001,-16.335718,16.252701,14.722604,-4.767451,-4.454125,23.700001,-11.885082,17.157944,23.700001,18.045757,-30.044331
-14.034452,-6.426224,-6.603523,-23.700001,-18.728123,5.009829,-23.614626,10.679285,-20.991364,-18.406193,-8.633106,31.035959
23.700001,-16.363663,8.028222,10.120588,-8.668095,-12.046486,23.141096,-6.013577,21.264753,23.700001,23.700001,-19.364529
-16.278305,-5.340834,-14.781014,-23.700001,-20.501192,4.909400,-23.700001,19.458817,-14.522663,-22.340630,9.272287,27.787865
23.700001,-20.770086,7.921935,14.828014,-12.996324,-18.692997,23.700001,3.412611,26.714897,23.700001,23.700001,-9.398355
-19.302582,-2.877536,-23.490705,-23.700001,-23.700001,6.654161,-23.700001,15.307961,4.427670,-21.796738,12.907484,31.082996
23.700001,-23.700001,18.360840,18.582123,-8.897184,-22.462147,23.700001,4.955734,27.385841,23.700001,22.849264,11.198887
-20.609365,6.688905,-36.338890,-23.700001,-23.700001,14.753052,-23.700001,16.872513,6.530291,-19.368704,11.195019,26.389317
23.700001,-23.700001,35.442787,19.080215,9.753846,-31.721027,23.700001,3.150752,21.959240,23.700001,14.403915,0.286413
-23.700001,19.522385,-40.334114,-23.700001,-23.700001,37.643055,-23.700001,12.939133,1.994946,-21.304186,-7.816545,16.419035
23.700001,-23.700001,43.702606,23.700001,10.757821,-24.818523,23.700001,-2.506783,18.842791,23.700001,0.267793,-14.168006
-23.700001,23.700001,-39.168091,-23.700001,-22.640480,31.169376,-23.700001,5.915498,-7.213353,-19.190779,-16.788742,9.779164
23.700001,-18.412117,45.248383,23.700001,0.425662,-11.121742,23.700001,-9.765945,13.217333,23.700001,2.355671,-28.015734
-23.700001,15.628662,-17.212467,-23.700001,-20.774117,16.433655,-23.700001,1.335481,-20.525023,-16.801085,-23.700001,18.941505
23.700001,-8.503819,27.519598,23.700001,-9.035330,-4.275126,22.930819,-16.976234,13.776629,23.700001,8.602208,-31.607590
-23.700001,6.291619,-4.579506,-23.700001,-23.700001,9.913877,-23.700001,6.417747,-31.237122,-20.041615,-18.637276,23.569405
23.700001,-11.907185,18.188334,23.700001,-16.378613,-11.739376,21.595043,-22.922035,26.980768,23.700001,14.870146,-26.255777
-23.403091,-0.082248,-4.773336,-23.700001,-23.700001,6.099505,-23.700001,15.773350,-39.261383,-22.988789,-3.846265,22.001549
23.700001,-18.060221,15.591763,23.700001,-15.632817,-20.312494,23.014017,-23.700001,37.613129,23.700001,16.391453,-13.802465
-21.945223,-2.518287,-2.345941,-23.700001,-23.700001,9.816566,-23.700001,16.256552,-39.369316,-23.700001,7.103293,17.194155
23.700001,-21.104019,10.332531,17.492374,-13.651937,-27.994324,23.700001,-17.866772,32.762535,23.700001,14.827478,-2.063989
-17.385086,-11.336611,-6.887024,-23.700001,-23.700001,15.521276,-23.700001,23.700001,-27.724947,-23.700001,12.916914,12.322758
23.700001,-23.700001,3.300261,12.158454,13.374228,-44.737694,23.190840,17.018080,33.123055,19.625198,6.066180,0.426170
-13.729197,-16.546099,-15.386951,-23.700001,-23.700001,45.430000,-23.700001,23.700001,0.283408,-23.700001,-2.160934,7.613270
23.700001,-23.700001,-2.393066,18.285076,6.681707,-43.759350,23.700001,23.700001,21.134857,14.699532,-4.149216,7.151637
-13.123802,-14.691571,-21.134045,-23.700001,-23.700001,35.100552,-22.622345,23.700001,19.669481,-23.700001,-8.944901,20.327129
23.700001,-23.700001,5.022138,23.700001,22.417870,-28.687544,23.700001,23.700001,29.302912,16.398857,6.387554,-4.093945
-23.700001,-2.948181,-27.688477,-22.494392,-11.464770,35.810104,-23.700001,23.700001,12.640774,-23.700001,-3.454809,14.856781
23.700001,-23.700001,23.297182,23.700001,17.070656,-9.340280,23.700001,7.128343,26.203011,23.700001,8.158379,-7.181231
-23.700001,7.389875,-37.524010,-20.863647,-3.140570,23.507833,-23.700001,8.355070,6.461738,-23.700001,-6.756275,14.896536
23.700001,-23.700001,37.475868,23.700001,9.233051,7.139027,23.700001,-2.748513,18.054428,23.700001,10.494360,-13.064342
-23.700001,23.700001,-45.430000,-18.806009,-0.692563,18.329695,-23.700001,-2.957720,1.723231,-23.700001,-16.621027,17.741571
23.700001,-23.700001,45.430000,23.700001,12.158182,9.817978,22.997768,-9.802616,10.558155,23.700001,6.881156,-22.141626
-23.700001,20.047642,-35.915646,-16.990137,0.050878,21.437122,-23.700001,-9.899235,-8.767919,-23.700001,-21.208572,20.110992
23.700001,-15.133240,39.015038,23.700001,11.452016,11.927705,22.410290,-11.908081,0.262637,23.700001,13.334162,-34.550705
-23.700001,23.123625,-37.589699,-19.395119,-2.896285,21.277241,-23.700001,-17.990055,-12.643866,-23.700001,-23.700001,34.592037
23.700001,-18.196106,42.442635,23.700001,8.415777,12.928521,22.842342,-15.419075,-2.407897,23.700001,13.998197,-43.225319
-23.700001,11.502563,-23.899776,-17.432110,-8.536300,21.603041,-23.700001,-15.298577,-14.515887,-23.700001,-23.700001,40.138344
23.700001,-12.208084,25.628584,23.700001,-4.104585,9.879422,23.245514,-7.897218,1.342450,23.700001,21.867737,-43.101593
-23.700001,8.298882,-29.308985,-15.880968,-23.700001,17.334978,-23.700001,2.228921,-9.046755,-23.700001,-23.141647,42.498840
23.700001,-20.079599,24.493896,23.700001,-18.907795,2.242503,23.700001,6.965439,11.337501,23.700001,23.700001,-42.516045
-23.700001,-2.195235,-27.030661,-15.664423,-23.700001,6.507060,-18.415632,9.232706,-2.398145,-19.566799,-10.989347,43.524387
23.700001,-23.700001,17.321028,23.700001,-23.700001,-10.541757,23.700001,9.785187,10.657157,23.700001,23.700001,-29.885010
-23.700001,4.161791,-32.905685,-19.915531,-23.700001,-2.405711,-20.673220,8.798178,4.979650,-22.543991,-1.008257,38.144394
19.956020,-14.549049,27.009176,23.700001,-23.700001,-16.144926,23.700001,9.341423,18.264235,23.700001,23.700001,-4.343887
-23.700001,20.760767,-27.621780,-19.111757,-23.700001,-3.460274,-20.579113,12.468197,4.770098,-22.853014,2.720753,26.565639
20.794409,-3.632553,35.169403,23.700001,-18.003624,-21.499521,23.700001,3.974941,20.041260,23.700001,17.080322,-2.487942
-23.700001,23.700001,-22.294968,-20.987570,-23.700001,6.157562,-22.200390,8.928137,1.450438,-23.700001,-4.558500,20.491089
23.700001,7.857925,32.111313,23.700001,-6.229276,-21.965820,23.700001,-5.423398,16.458994,23.700001,6.142418,-9.302425
-23.700001,23.700001,-13.212335,-20.751257,-23.700001,19.214146,-22.861351,0.413383,-7.480937,-23.700001,-11.549522,15.168264
23.700001,12.668011,32.274128,23.700001,2.648777,-27.240860,23.700001,-14.562238,10.041201,23.700001,-0.679360,-15.948454
-23.700001,23.700001,9.336702,-23.700001,-23.700001,31.482000,-23.700001,-4.008446,-18.487589,-23.700001,-15.968201,12.295536
23.700001,12.301976,25.649143,23.700001,0.445347,-28.834436,23.700001,-23.700001,10.481752,23.700001,1.504068,-26.548012
-23.700001,15.535294,8.341702,-23.700001,-23.700001,30.478416,-23.700001,5.967728,-32.488480,-23.700001,-22.155222,22.863228
23.700001,-5.499120,23.345577,23.700001,-5.138408,-22.662809,23.700001,-22.043264,29.657539,23.700001,11.027207,-33.846901
-23.700001,2.308166,-0.510124,-23.700001,-23.700001,18.720430,-23.700001,22.749102,-35.412693,-20.901707,-13.909665,35.619560
23.700001,-18.349634,13.444594,23.700001,-6.667875,-26.818222,23.700001,-10.577261,42.457722,23.700001,23.700001,-29.136639
-23.700001,-13.489690,-8.715559,-23.700001,-23.700001,19.911104,-23.700001,23.700001,-27.568443,-22.305275,-2.962910,36.773956
23.700001,-23.700001,4.384621,23.236206,9.398368,-41.986225,23.700001,9.732653,32.760166,23.700001,21.906761,-9.948416
-23.700001,-22.957457,-16.624071,-23.700001,-23.700001,45.430000,-23.700001,23.700001,-12.187721,-23.700001,1.508997,31.802317
23.700001,-23.700001,-3.010914,21.256207,17.590631,-45.430000,23.700001,8.973646,31.593874,23.700001,13.283615,6.756124
-22.349350,-10.295733,-21.132042,-23.700001,-23.700001,44.872292,-23.700001,23.700001,6.312389,-23.700001,9.592594,17.604275
23.700001,-23.700001,8.872344,21.741302,19.860088,-45.430000,23.700001,0.978090,28.508781,19.837490,12.982531,4.387465
-20.564537,9.898672,-25.712517,-23.700001,-23.700001,45.430000,-23.700001,14.697589,-0.506191,-23.700001,6.762328,17.519634
23.700001,-13.022612,25.960999,23.024006,7.035286,-24.464951,23.700001,-10.486308,24.479343,23.700001,7.419390,-2.007922
-20.411274,23.700001,-21.124298,-23.700001,-21.087950,29.460049,-20.548616,5.610806,-9.479393,-23.700001,-3.764314,10.289862
23.700001,4.071152,30.455868,19.971657,-4.208869,-7.938767,23.700001,-14.864388,13.960100,23.700001,0.850711,-15.133585
-22.826786,23.700001,-12.202087,-23.700001,-18.918278,12.456059,-17.597939,-4.922160,-11.346275,-23.700001,-13.273366,9.534183
23.700001,8.428423,25.629862,23.624842,-10.048916,-5.618892,23.700001,-15.463310,8.734391,23.700001,3.899877,-22.440626
-23.700001,22.707775,-11.069880,-23.700001,-23.700001,12.235293,-23.293938,-1.437986,-16.930393,-23.700001,-19.614065,16.804626
23.700001,1.589432,34.224728,23.700001,-15.188463,-7.288922,23.700001,-16.135752,13.241626,23.700001,9.859293,-29.068150
-23.700001,12.875694,6.518700,-19.820866,-23.700001,5.476632,-23.700001,8.980757,-25.673462,-22.057228,-18.606239,25.573980
23.700001,-0.647177,19.940798,23.700001,-11.836359,-17.161596,23.700001,-15.284769,26.309795,23.700001,17.182821,-27.171436
-23.700001,8.583577,0.434404,-23.261827,-23.700001,6.214879,-23.700001,17.994362,-29.415169,-23.700001,-3.406249,29.749994
23.700001,-8.481295,16.602242,23.700001,-6.768744,-22.446404,21.895472,-17.090929,33.382847,23.700001,21.789120,-15.089881
-23.700001,2.105538,-6.040434,-23.700001,-23.317198,15.550676,-23.700001,12.558052,-19.850721,-23.700001,6.864986,24.651966
23.700001,-14.177446,9.394520,23.700001,1.224872,-26.134983,21.531759,-16.115026,23.888165,23.700001,20.129915,-0.106864
-23.700001,-2.114003,-13.324158,-23.700001,-23.700001,26.599514,-23.700001,5.625618,-12.688492,-23.700001,14.455076,27.681826
23.700001,-23.487253,11.997325,21.031944,15.905272,-36.758709,23.363297,-10.981207,15.654707,23.700001,23.700001,10.702896
-17.940014,-6.973207,-15.958878,-23.700001,-23.700001,40.371387,-23.700001,10.794198,-13.339844,-23.700001,14.809835,26.551350
23.700001,-23.700001,10.363211,19.788784,6.844925,-23.373203,23.700001,-12.484332,18.592064,23.700001,17.444273,10.368994
-8.685200,1.997506,-24.416033,-23.700001,-19.737373,27.249207,-23.700001,11.184716,-18.286812,-23.700001,8.628922,26.466824
23.700001,-20.483507,27.736586,19.408052,1.085957,-14.269894,22.418133,-17.863619,19.051109,23.054939,9.673114,8.451580
-7.813772,17.442741,-26.781776,-23.700001,-12.593945,15.383317,-23.700001,8.756216,-28.020973,-23.700001,1.063669,18.945427
23.700001,-16.368956,43.550945,23.700001,-3.279132,-13.576710,17.346622,-23.700001,24.219259,21.964050,5.817307,4.957096
-13.206772,23.700001,-40.958843,-23.700001,-15.497934,15.340841,-23.700001,12.886272,-38.307899,-23.700001,-2.022732,13.202434
23.700001,-18.905920,45.430000,23.700001,2.490852,-13.752784,20.918106,-23.700001,37.169689,23.700001,1.093287,-4.799579
-21.452904,23.700001,-12.149303,-23.700001,-11.436434,17.738935,-23.700001,18.406403,-44.336529,-23.700001,-10.579701,3.509617
23.700001,-9.028771,30.458916,23.700001,4.400114,-20.232321,22.873480,-23.700001,44.800053,23.700001,-12.413948,-13.890924
-23.700001,11.516317,-0.838221,-23.700001,-17.766798,27.583521,-23.700001,23.700001,-45.430000,-23.700001,-17.602077,0.549652
23.700001,-15.499237,16.666824,23.700001,15.726933,-33.375858,22.028187,-23.700001,39.717125,23.700001,2.941841,-18.872398
-23.700001,-5.436898,-2.196937,-23.700001,-23.700001,44.931114,-23.700001,23.700001,-42.740150,-23.700001,-8.263252,21.676466
16.526775,-23.700001,10.358695,23.700001,20.752031,-45.430000,23.700001,-17.427565,42.019966,23.700001,14.626001,-21.533812
-23.700001,-17.294077,-4.124959,-23.700001,-23.700001,41.687035,-23.700001,23.700001,-25.678625,-23.700001,-11.106693,25.319263
9.390081,-23.700001,8.493863,22.327875,6.304930,-45.430000,23.700001,4.651874,29.850214,23.700001,2.118632,-16.001823
-23.700001,-21.744837,-5.654436,-23.700001,-23.700001,36.784428,-23.700001,23.700001,-10.933437,-23.700001,-11.860533,15.184843
17.659222,-23.700001,1.754466,23.700001,-4.348832,-35.534328,23.700001,14.229884,22.242374,23.700001,-0.627231,-13.938916
-23.700001,-9.362175,-17.696957,-23.700001,-23.700001,30.174244,-21.374880,23.700001,10.665348,-23.700001,-11.069417,11.794569
23.700001,-18.236393,6.745564,23.700001,11.452416,-36.790230,23.700001,17.786732,31.288338,23.700001,8.605671,-20.624126
-23.700001,2.897260,-25.231384,-23.700001,-23.700001,43.392082,-23.700001,23.419691,12.326972,-23.700001,-16.166082,21.459457
23.700001,-23.700001,25.938057,23.242300,12.100938,-20.291233,23.700001,9.435463,30.004435,23.700001,12.089857,-27.556330
-18.881142,14.890789,-41.803047,-23.700001,-15.794775,29.922958,-23.700001,12.244217,12.356819,-23.700001,-21.245361,26.970675
23.700001,-23.700001,45.430000,17.950588,5.908363,3.031001,22.398304,6.654812,21.274433,22.725067,16.436134,-33.112167
-13.968853,23.700001,-45.430000,-23.700001,-6.735763,12.043430,-23.700001,-1.159546,7.884377,-23.700001,-23.700001,31.984579
23.700001,-23.700001,45.430000,14.158209,8.412050,4.193920,17.981874,-0.576489,11.131272,20.499517,22.767139,-36.019604
-14.806868,23.700001,-39.564903,-23.700001,-6.018769,10.524448,-23.700001,-7.534965,1.418107,-23.700001,-21.589523,37.453323
23.700001,-17.908335,45.430000,21.293829,4.637491,3.071600,21.022255,-6.195729,4.579638,23.700001,23.700001,-36.326878
-23.700001,21.720619,-36.934856,-23.700001,-8.552411,11.376465,-23.700001,-14.828221,-6.692412,-22.198124,-19.064678,40.400589
23.700001,-18.549440,45.430000,23.700001,6.066312,1.974739,23.700001,-12.133345,-2.938858,23.700001,23.700001,-38.444492
-23.700001,5.144238,-9.295639,-23.700001,-9.136174,12.536478,-23.700001,-17.547638,-14.934192,-19.132027,-22.442080,44.027149
22.603708,-6.558813,21.075859,23.700001,6.408333,-2.234742,20.249220,-11.880377,-6.136793,23.700001,23.700001,-45.430000
-23.700001,-0.249057,-3.398681,-23.700001,-14.331999,13.959801,-23.700001,-7.241725,-10.212197,-17.308237,-23.700001,45.430000
19.244839,-10.470526,18.404572,23.700001,0.268345,-6.389246,23.400919,1.901152,1.122899,23.700001,18.822107,-22.733416
-23.700001,-5.780437,-3.366680,-23.700001,-18.592064,7.232236,-23.700001,2.665549,-2.297471,-21.294678,-14.464066,30.232454
21.445272,-18.001574,14.950293,23.700001,-3.487451,-15.378084,23.700001,7.946590,7.562144,23.700001,17.756222,-19.618532
-23.700001,-13.678157,-8.864853,-23.700001,-21.967743,11.664571,-23.700001,11.680666,0.294500,-23.700001,-13.872835,30.363541
23.137014,-23.700001,10.167873,21.561634,6.171618,-25.986256,23.700001,13.573079,10.544589,23.700001,11.657780,-13.050843
-23.700001,-9.829268,-17.139549,-23.700001,-23.700001,29.060438,-23.700001,15.593598,0.404717,-23.700001,-11.926705,21.424904
23.700001,-22.376667,8.185051,19.001108,18.578506,-45.430000,22.563408,11.945771,13.291862,23.700001,9.578809,-18.396610
-23.700001,-9.943790,-22.388702,-23.700001,-23.700001,45.430000,-23.700001,18.753674,-4.285471,-23.700001,-12.031280,24.764034
23.700001,-23.700001,15.606962,22.612915,15.863614,-43.589043,18.570385,7.631413,28.545406,23.700001,11.711012,-18.021441
-20.522049,-6.100773,-28.685268,-23.700001,-23.700001,45.256905,-23.700001,19.163742,8.769015,-23.700001,-12.725230,23.809711
23.700001,-23.700001,25.234533,20.830307,23.700001,-43.792801,13.283442,7.495937,22.668941,23.700001,11.820579,-22.057926
-13.795386,-1.054237,-27.296791,-23.700001,-23.700001,45.430000,-23.700001,10.816392,3.458570,-23.700001,-18.919186,26.357748
23.700001,-23.700001,26.157440,19.116035,10.910828,-11.141968,10.849448,1.688619,12.677603,23.700001,15.147917,-38.205845
-7.510134,7.922471,-26.875454,-23.700001,-12.091245,19.715855,-23.700001,-3.533580,1.566676,-22.857912,-23.700001,36.949085
23.700001,-17.390903,33.349518,18.393518,3.724761,3.977740,9.826077,-1.509237,3.944191,23.700001,17.494364,-45.430000
-10.844701,9.667994,-26.821091,-23.700001,-11.638023,10.717614,-23.700001,-10.129715,-1.894454,-18.656269,-23.700001,42.299858
23.700001,-14.972591,33.870495,21.819134,0.814305,0.668863,11.423266,-9.316856,-0.363303,23.700001,23.700001,-45.430000
-19.793982,18.154343,-33.398796,-23.700001,-14.507666,8.797302,-23.700001,-17.057657,-7.054971,-16.594284,-23.700001,44.277145
23.700001,-18.639626,44.653080,23.700001,-7.080339,0.996009,17.571270,-7.439553,-3.298854,23.700001,23.700001,-45.430000
-23.700001,6.408566,-13.973235,-23.700001,-23.700001,8.875342,-23.700001,-12.866315,-6.561714,-16.487801,-19.197924,43.801758
23.700001,-9.968145,22.723942,23.700001,-11.239049,-1.511299,16.456116,-3.326439,-1.680956,23.700001,23.700001,-39.199471
-23.700001,-0.863805,-9.852751,-21.837500,-23.700001,8.604501,-23.700001,-6.802108,-6.261624,-16.764290,-23.234070,38.564789
23.700001,-12.972954,14.140212,23.700001,-7.382898,-3.129382,17.398918,1.984553,-0.067019,23.700001,20.989399,-36.270706
-23.700001,-5.900347,-14.802281,-21.032816,-22.526787,4.574342,-23.700001,-3.015116,-2.129761,-21.306709,-23.336090,37.197365
23.700001,-21.043713,14.065998,23.700001,-10.429630,-6.670707,16.641529,8.604363,2.188140,23.700001,23.700001,-38.470722
-22.966690,-7.426648,-24.498379,-19.851442,-23.676174,1.831293,-23.700001,6.110810,0.654796,-22.657267,-16.087650,41.611214
23.700001,-23.700001,22.397936,23.700001,-7.384052,-13.858555,18.606203,13.842935,6.406762,23.700001,23.700001,-38.278427
-19.664299,-6.572927,-29.010437,-22.945211,-21.581390,4.301597,-23.700001,9.683826,6.821816,-23.700001,-6.194832,44.823112
23.700001,-23.700001,23.944202,23.700001,0.289705,-19.832214,10.911720,13.984956,15.127541,23.700001,23.700001,-35.231216
-12.183621,1.184646,-33.673302,-23.700001,-23.700001,17.358833,-23.700001,9.014016,6.815760,-23.700001,-2.878490,45.430000
23.700001,-23.700001,34.574635,23.700001,6.233377,-33.503208,13.421627,4.408929,13.206026,23.700001,23.700001,1.902603
-8.769279,19.253878,-40.911079,-23.700001,-23.700001,34.576904,-23.700001,6.075428,-4.001892,-23.700001,5.040390,26.562637
23.700001,-23.700001,45.430000,23.700001,-3.285791,-29.647190,23.362576,-9.454823,13.706528,23.700001,11.208773,-0.788917
-18.806080,8.698271,-20.056112,-23.700001,-23.700001,26.120161,-23.700001,-1.512670,-14.163264,-23.700001,-3.503755,18.644707
23.700001,-16.468708,26.244255,23.700001,-4.226943,-19.656868,23.700001,-15.061762,8.298681,23.143528,3.643580,-7.768332
-22.936235,-0.219107,-3.168432,-23.700001,-23.005659,18.921097,-23.700001,3.167830,-22.444468,-23.700001,-9.206200,8.252192
23.700001,-9.701288,11.251079,23.700001,-0.569483,-20.041605,23.700001,-15.980917,16.547215,22.391476,1.733036,-20.181721
-23.700001,1.312936,-2.965600,-23.700001,-22.332451,23.797291,-23.700001,13.872215,-22.793657,-23.700001,-15.429588,13.593018
23.700001,-10.217201,9.424993,23.700001,-0.257689,-19.935652,23.700001,-8.236831,26.103899,23.700001,4.411553,-26.160172
-23.700001,1.433094,-7.786094,-23.700001,-23.700001,23.472544,-23.700001,23.700001,-19.008854,-23.700001,-18.886707,20.002003
23.700001,-17.426758,8.896573,23.700001,-1.322308,-20.838024,23.700001,5.127857,31.732471,23.700001,9.411061,-29.148945
-23.700001,-4.690642,-20.129377,-23.700001,-23.700001,22.073835,-23.700001,23.700001,-11.812414,-23.700001,-15.531781,24.305477
23.700001,-23.700001,16.060871,23.700001,-8.535180,-23.283564,23.700001,5.202187,32.704460,23.700001,13.888382,-24.449390
-23.700001,-0.277783,-28.175625,-23.700001,-23.700001,16.540865,-23.700001,14.134924,11.323263,-23.700001,-14.122756,21.517513
23.700001,-23.700001,28.511875,21.086777,-8.672235,-20.860849,19.299562,9.217787,21.005825,23.602200,16.044775,-22.844210
-23.604753,-3.874337,-31.936184,-23.700001,-23.700001,13.343644,-23.700001,10.672903,5.234382,-23.700001,-4.867156,23.779520
23.700001,-23.700001,27.838699,23.436226,-12.892028,-23.637259,20.102982,8.813326,14.064728,23.700001,22.089069,-14.589540
-20.659094,-8.146346,-31.388870,-23.700001,-23.700001,14.312725,-23.700001,9.910846,1.783250,-23.700001,3.944604,25.194197
23.700001,-23.700001,25.227915,21.494368,-18.926596,-22.972963,20.361341,3.994988,11.907671,23.700001,23.700001,-13.193892
-15.294305,-6.147469,-29.459545,-23.700001,-23.700001,8.052880,-23.700001,7.940350,-4.492886,-19.234976,6.540989,35.602821
23.700001,-23.700001,26.487759,16.139902,-6.844782,-25.186806,19.855083,-1.072330,7.839365,23.700001,23.700001,9.783756
-11.066328,-0.171830,-29.978058,-23.700001,-23.700001,16.186390,-23.700001,6.710759,-14.236026,-16.969730,14.883089,22.917700
23.700001,-23.700001,28.285065,12.107451,9.469325,-34.643723,19.237291,-14.816256,13.311580,23.700001,17.329592,13.449568
-13.490483,9.026872,-26.989447,-23.700001,-22.385445,37.266159,-23.700001,8.551882,-27.006449,-14.747070,11.458431,24.330662
23.700001,-22.886606,31.105045,9.256794,22.278305,-38.737476,21.043587,-23.700001,19.532770,23.700001,9.569195,9.002828
-14.104330,19.226654,-37.328655,-23.700001,-15.526610,45.430000,-23.700001,11.598099,-33.056648,-11.144466,7.687553,16.081034
23.700001,-23.700001,42.838200,10.021311,23.301208,-29.668837,22.604868,-23.700001,26.481331,23.700001,6.252491,6.771032
-18.331715,2.604752,-21.718037,-23.700001,-14.597583,40.093029,-23.700001,10.466505,-32.322147,-15.264057,5.484641,17.507999
23.700001,-23.700001,19.062275,7.851105,6.183992,-4.599965,23.160784,-23.700001,24.093027,23.700001,7.722168,7.087021
-10.683890,-13.521363,-9.121315,-23.700001,-1.139670,15.510199,-23.352179,16.733978,-29.758823,-9.327115,8.268597,12.531109
23.700001,-23.700001,2.426828,3.687386,2.505781,-4.879460,18.303410,-12.045971,22.661524,23.700001,8.030452,9.396241
-9.344347,-16.262436,-9.278090,-23.700001,-6.399427,10.583307,-21.241840,18.523335,-21.335871,-7.264978,4.985062,17.000900
23.700001,-23.700001,3.181494,6.903645,-0.635078,-9.496895,17.002687,-3.429407,17.916807,23.700001,5.613755,7.903427
-11.861247,-11.930145,-11.753588,-23.700001,-9.748932,9.925128,-23.700001,17.004694,-13.242528,-11.661037,1.131751,15.797609
23.700001,-17.262743,4.207045,12.982889,1.946884,-12.288855,14.860870,2.549233,18.076241,23.700001,4.950711,2.046816
-12.166795,-3.946266,-11.660716,-23.700001,-12.937956,15.472489,-23.700001,12.910976,-8.463070,-17.947083,-6.379004,10.206515
23.700001,-12.171807,11.736638,18.687441,2.262862,-12.886297,17.409889,-0.647220,12.401626,23.700001,-0.650460,-6.400575
-16.501717,4.878444,-14.221570,-23.700001,-13.882086,17.687010,-23.700001,7.640032,-11.887753,-23.026489,-8.834492,6.391203
23.700001,-13.164369,20.448257,23.700001,0.479068,-10.867890,23.194954,-4.898916,12.359653,23.700001,-1.365057,-12.081825
-19.662712,6.065162,-14.340630,-23.700001,-15.122155,16.062128,-23.700001,6.458838,-17.594069,-23.700001,-15.439458,10.719196
23.700001,-13.749627,22.271599,23.700001,1.955432,-13.220851,21.676348,-12.747302,18.773424,23.700001,2.649606,-19.561592
-21.199833,3.899848,-10.811718,-23.700001,-17.222504,19.468170,-23.700001,-0.811004,-8.266612,-23.700001,-16.533524,15.734688
23.700001,-11.100414,19.899754,22.875179,-1.297141,-8.791370,21.819115,-8.060257,6.789609,23.700001,14.193136,-30.349476
-18.067654,-0.574043,-8.694548,-23.700001,-20.372162,12.262235,-23.700001,0.785580,-14.559309,-21.531845,-23.503752,29.917400
23.700001,-16.445885,17.489559,16.264967,-8.141506,-8.549359,20.327923,-6.720107,11.146418,23.700001,19.347797,-35.065578
-12.198202,-7.224799,-7.094949,-23.700001,-23.367905,8.826350,-23.700001,4.182509,-12.042158,-20.675772,-19.691635,31.956577
23.700001,-18.323347,10.973003,8.055757,-11.839974,-6.878159,19.522865,1.416815,11.725272,23.700001,21.776052,-29.392548
-7.132890,-7.691317,-12.916277,-23.700001,-23.700001,4.968807,-23.700001,5.807415,-1.171596,-18.333078,-12.088742,27.959745
23.700001,-14.941049,9.501396,6.395497,-16.513491,-9.306170,19.703896,4.152637,12.882812,23.700001,20.331226,-23.724810
-8.409906,-2.968724,-17.634970,-23.700001,-23.700001,1.665127,-23.700001,7.103700,4.610345,-16.389931,-10.790493,23.599682
23.700001,-18.837034,17.862116,4.407465,-12.561026,-13.055047,19.936726,8.388817,11.803800,23.700001,15.121607,-20.683544
-15.426641,0.303316,-24.099228,-23.700001,-22.773499,2.443585,-23.700001,8.112902,5.423429,-17.054960,-8.505234,21.271595
23.700001,-23.700001,28.396450,11.131504,-6.788235,-16.102318,23.373720,8.388957,12.429594,23.700001,20.722034,-20.704884
-23.700001,3.630197,-36.730049,-23.700001,-23.162075,10.393341,-23.700001,4.781465,1.489601,-20.456850,-9.929799,28.062925
23.700001,-23.700001,44.981125,20.247902,0.212876,-19.335592,23.700001,-2.144624,8.367012,23.700001,14.913139,-15.513475
-23.700001,0.884710,-40.713169,-23.700001,-23.700001,21.861624,-23.700001,-4.325723,-9.128565,-23.700001,-12.896436,22.464771
23.700001,-23.700001,43.726963,23.700001,5.935322,-20.983301,23.700001,-5.847694,-0.882997,23.700001,9.783187,-23.133320
-16.350136,22.947783,-45.430000,-23.700001,-23.700001,27.291666,-23.700001,-5.557362,-14.067895,-21.407074,-20.377716,18.597309
23.700001,-23.700001,45.430000,23.700001,-0.278634,-23.965158,23.700001,-8.789192,4.077180,23.700001,8.901964,-29.076511
-13.981359,-2.050894,-23.263605,-23.700001,-23.700001,26.892078,-23.700001,-1.928187,-14.818004,-23.700001,-23.700001,23.355663
23.700001,-23.700001,24.185133,23.700001,-21.829933,-6.872047,19.921074,-8.553510,7.032814,23.700001,10.074251,-30.931120
-15.497196,-3.237819,-18.178616,-23.700001,-23.700001,6.088579,-23.700001,1.102782,-11.627578,-23.700001,-16.250471,21.125376
23.700001,-19.890011,19.082729,21.099287,-19.791269,-9.280682,17.317707,1.343112,8.471664,23.700001,15.029289,-23.399754
-17.396786,-2.988093,-25.455061,-23.700001,-23.700001,0.676718,-23.700001,7.816813,-4.078115,-23.700001,-3.904553,22.899235
23.700001,-23.700001,24.650684,15.060203,-12.074238,-19.873064,21.299318,8.228489,10.767591,23.700001,22.329853,-12.599826
-14.607519,-5.467052,-37.082123,-23.700001,-23.700001,6.209555,-23.700001,10.979498,-1.143271,-19.816513,5.262020,25.021519
23.700001,-23.700001,35.159264,10.457937,-11.902643,-24.034462,21.343008,10.923214,10.224257,23.700001,23.700001,-6.861099
-11.004730,-2.128027,-45.430000,-23.700001,-23.700001,11.532925,-23.700001,10.389541,-0.095228,-19.348312,10.511427,22.341112
23.700001,-23.700001,35.948448,12.419966,-11.252324,-28.713196,23.151827,9.150805,9.904741,23.700001,18.750084,12.614846
-7.412966,-9.225986,-40.808243,-23.700001,-23.700001,18.126608,-23.700001,13.206753,11.149110,-19.246704,8.893347,28.291431
23.700001,-23.700001,33.941181,10.610632,1.556904,-33.764214,12.686161,11.873298,22.482658,23.700001,17.563114,6.201186
-1.576527,12.269232,-45.430000,-23.700001,-23.700001,31.201878,-23.700001,14.883675,7.011406,-23.700001,0.772869,15.903719
23.700001,-23.700001,45.430000,13.231816,-1.160545,-23.548965,13.423991,4.568070,18.849916,23.700001,5.023128,-5.605792
-1.441032,20.767624,-45.430000,-23.700001,-23.591764,20.929220,-23.700001,9.438522,0.645580,-23.700001,-9.876595,8.944221
23.700001,-23.700001,45.430000,15.736659,3.133301,-17.296167,13.579081,0.595000,11.773930,23.700001,0.710154,-22.484098
-12.081640,20.337328,-37.285995,-23.700001,-18.530533,19.900305,-23.700001,2.137203,-9.072676,-23.067142,-23.700001,11.724895
23.700001,-23.507303,45.430000,22.358612,-1.430114,-5.799520,20.535130,-7.569831,6.687219,23.700001,0.660179,-31.478697
-16.073742,4.208021,-9.040163,-23.700001,-14.217039,7.720310,-23.700001,-3.102387,-20.413662,-19.679462,-23.700001,19.989407
23.700001,-13.231045,17.460756,17.767658,-7.012097,-4.396305,13.654239,-14.251318,6.863632,23.700001,17.292696,-29.657269
-22.092188,-9.252314,-3.025223,-23.700001,-18.229874,9.661909,-23.700001,-5.271805,-18.345676,-16.624296,-11.603703,28.729170
23.700001,-23.700001,14.173760,20.869598,-8.399795,-7.826892,22.850153,-13.381159,5.729650,23.700001,20.763609,-20.895807
-23.700001,-14.128584,-11.137141,-23.700001,-23.700001,5.530544,-23.700001,6.016820,-18.023239,-23.700001,2.224923,27.063839
23.122513,-23.700001,6.455081,23.357813,-13.528958,-16.832827,23.700001,-3.671655,14.972544,23.700001,23.700001,-11.549556
-23.700001,-12.950085,-18.792522,-23.700001,-23.700001,3.701476,-23.700001,13.651377,-12.278821,-23.700001,9.245461,24.110437
22.732925,-23.700001,7.831296,22.917580,-9.498220,-23.146698,23.700001,1.683973,16.840666,23.700001,21.777803,-9.884592
-23.700001,-11.227746,-22.310589,-23.700001,-23.700001,15.838509,-23.700001,14.297904,-7.657107,-23.700001,1.955435,36.413521
22.936584,-23.700001,14.942791,23.700001,-0.887290,-31.582249,23.700001,6.326342,13.726102,23.700001,22.437098,9.397627
-23.700001,-10.010525,-24.705605,-23.700001,-23.700001,30.626129,-23.700001,11.495130,-6.017426,-23.700001,12.805103,28.180317
22.966391,-23.700001,17.400349,23.700001,8.352070,-45.430000,23.700001,2.194541,13.414665,23.700001,16.777615,5.723133
-23.700001,-8.581673,-28.480995,-23.700001,-23.700001,45.430000,-21.336823,9.477840,-12.128209,-23.610167,6.251631,25.433529
23.700001,-23.700001,19.741539,23.305756,22.329475,-45.430000,23.700001,-3.901391,16.001965,23.700001,12.606873,5.209076
-23.700001,1.137524,-24.674448,-23.700001,-23.700001,45.430000,-18.966358,8.256488,-1.987710,-22.057299,3.736828,20.183069
23.700001,-23.700001,24.621092,19.613554,17.686409,-36.047710,23.700001,-5.343643,14.888567,23.700001,7.145037,-1.402644
-22.777805,5.787591,-19.191566,-23.700001,-23.700001,43.101974,-23.700001,3.401047,-9.799726,-23.700001,-3.805930,8.515740
23.700001,-15.319254,24.430267,23.180925,4.293956,-14.299108,23.700001,-10.665686,12.031155,23.700001,-2.043942,-14.178308
-14.765307,7.743445,-7.700664,-23.700001,-15.407101,18.834127,-23.700001,1.999246,-18.006210,-23.700001,-15.218278,7.383443
23.700001,-5.247781,17.333534,19.311874,-2.595908,-6.484681,23.589108,-14.692966,13.392368,23.700001,-1.127704,-22.696392
-13.124293,5.313654,-1.865612,-23.700001,-13.561657,10.484709,-23.700001,3.430354,-22.917812,-23.700001,-19.910152,11.740175
23.700001,-6.198554,15.350035,14.485659,-7.486768,-5.550252,18.154121,-14.109781,16.484919,20.593533,1.354269,-24.693598
-8.677702,-0.133692,-0.508383,-23.700001,-23.700001,8.614394,-23.700001,9.103886,-23.533871,-23.700001,-14.895535,13.910532
23.700001,-16.760284,13.430378,11.463649,-15.106607,-10.378382,23.435879,-9.271472,19.386198,23.700001,11.703939,-17.252415
-11.589570,-13.350451,-4.592509,-23.700001,-23.700001,1.882934,-23.700001,15.990233,-20.614788,-21.239761,8.757933,18.652987
23.700001,-23.700001,4.258715,4.209658,-19.291698,-20.169760,22.173073,-2.016326,22.739902,23.700001,23.700001,-0.288044
-15.251295,-23.700001,-13.899487,-23.700001,-23.563099,1.775481,-23.073578,23.201708,-10.758154,-16.825663,23.700001,18.137104
23.700001,-23.700001,-4.562000,7.519480,-10.677876,-24.839764,23.700001,4.255194,23.821655,23.700001,23.700001,5.407839
-19.246664,-23.700001,-20.251278,-23.700001,-23.700001,13.875604,-18.325325,16.955299,5.341221,-17.054049,22.433805,26.860006
23.700001,-23.700001,-0.406059,7.349365,2.339074,-29.725735,23.700001,7.505179,24.631062,23.700001,23.700001,19.972095
-21.166981,-22.814699,-6.169913,-23.700001,-23.700001,31.138966,-14.203147,17.660700,7.067278,-14.995542,23.700001,28.787529
23.700001,-15.669126,-6.511300,7.675316,11.130690,-33.479992,23.700001,2.721676,22.200699,23.700001,23.700001,14.421050
-23.700001,-10.939949,-7.162734,-23.700001,-23.700001,35.104809,-17.703350,13.958618,3.342854,-20.923342,19.355392,25.823696
23.700001,-8.318308,-2.806337,17.506191,5.635680,-23.574957,23.700001,-3.094936,19.763260,23.700001,12.460879,5.195012
-23.700001,5.389869,-13.024201,-23.700001,-16.909618,26.743019,-19.687218,9.288721,0.542371,-20.831306,0.655817,14.259501
23.700001,-6.453395,17.959606,23.700001,10.231140,-18.634712,23.700001,-6.479706,17.559952,23.700001,4.038735,-8.024252
-23.700001,23.313631,-23.150728,-23.700001,-9.808903,26.712996,-23.700001,5.150665,-5.868704,-23.700001,-9.014049,8.589319
23.700001,-7.346897,37.807919,23.700001,12.712498,-13.073895,23.700001,-8.842764,17.737272,23.700001,1.215669,-20.060627
-23.700001,23.700001,-28.577356,-23.700001,-8.220135,23.960480,-23.700001,3.674857,-6.815406,-23.700001,-18.383987,12.875764
23.700001,-3.791520,35.313351,23.700001,6.180305,-0.365741,23.700001,-8.925681,16.204472,23.700001,6.193706,-26.274899
-23.700001,23.543888,-23.676594,-23.700001,-8.383813,19.739780,-23.700001,3.268893,-5.877548,-23.405312,-18.287647,20.322805
23.700001,-8.434792,31.776773,21.618689,-0.797717,4.517275,23.700001,-7.242901,16.062706,23.700001,13.471053,-25.322815
-23.700001,5.559782,-6.145173,-23.700001,-13.265740,15.140129,-23.700001,1.779218,-5.471450,-18.563196,-12.860973,25.022575
23.700001,-3.836871,16.044762,17.822720,-2.862467,-3.313210,23.700001,-10.256060,11.679903,23.700001,16.774240,-23.067799
-23.700001,3.478090,-4.988255,-23.700001,-14.407065,10.152306,-21.703693,-1.736377,-8.401789,-15.462457,-4.271708,25.648590
23.700001,-6.282506,11.172844,13.750385,-1.982844,-7.745142,23.700001,-9.377644,9.109131,23.700001,23.700001,-18.140175
-23.700001,7.602858,-11.237059,-23.700001,-16.470322,9.408348,-18.573711,0.163590,-12.837618,-21.729256,3.719410,32.534420
23.700001,-6.332092,18.290474,16.705547,-6.340220,-11.452791,23.700001,-11.403043,11.801058,23.700001,20.024654,6.632733
-23.700001,6.555626,-5.231951,-23.700001,-19.714323,7.571712,-12.932099,6.219177,-16.927124,-19.110493,8.414319,25.822802
23.700001,-9.875093,16.766764,17.194202,-4.822316,-21.412325,23.700001,-12.709059,20.334890,23.700001,14.802538,6.254619
-22.941902,4.281765,-2.402445,-23.700001,-18.986671,16.546028,-15.937226,17.830109,-26.362621,-22.601027,5.537325,20.186657
23.700001,-7.995894,11.874009,20.633520,11.670998,-33.091446,23.700001,-23.700001,33.865993,23.700001,4.435639,7.081551
-23.458094,7.764593,0.868543,-23.700001,-21.283033,42.261589,-23.700001,21.942444,-44.240387,-23.700001,2.702681,13.411855
23.700001,-8.852259,16.417152,23.700001,23.700001,-45.430000,23.700001,-23.700001,44.518620,23.700001,-3.034032,4.792924
-22.872171,6.297165,4.528077,-23.700001,-19.539379,45.430000,-23.700001,15.704355,-45.430000,-23.700001,2.871239,11.409702
23.700001,-7.270002,15.022562,23.700001,22.816776,-34.180550,23.700001,-23.700001,33.931961,23.700001,-1.204188,3.692822
-20.166250,5.753116,2.304296,-23.542202,-13.757056,41.270695,-23.700001,3.508072,-41.657478,-23.700001,0.550508,13.506544
23.700001,-9.340493,13.725988,23.700001,10.405838,-17.221943,19.121378,-23.700001,25.603870,23.700001,2.620655,2.078577
-14.205254,2.342892,-1.354158,-21.022636,-7.924067,26.442284,-23.700001,0.042048,-35.204067,-23.700001,0.162216,9.125597
23.700001,-11.765018,12.730072,23.700001,4.968816,-4.880179,9.612867,-23.700001,19.815674,23.700001,2.711498,0.907590
-12.746476,-4.076825,-0.881812,-15.348614,-7.035786,10.366250,-23.700001,8.812569,-31.875130,-19.386475,8.873997,8.059766
23.700001,-17.423870,7.872724,23.634651,-6.214568,-15.962003,12.595892,-11.115055,26.772110,21.738777,8.959213,5.526029
-19.841801,-7.239150,-8.547386,-23.700001,-23.700001,12.349880,-23.700001,23.700001,-22.884169,-23.700001,6.187578,15.260352
23.700001,-23.700001,2.992810,19.848753,-12.897301,-20.857002,22.879496,12.879611,29.590885,23.700001,6.281955,3.478081
-16.514141,-16.711143,-18.923916,-23.700001,-23.700001,14.129410,-23.700001,23.700001,-5.688505,-23.700001,-1.618517,15.099002
23.700001,-23.700001,5.224272,11.327989,-9.085785,-21.975351,23.700001,23.700001,19.529938,23.700001,6.635896,-2.414579
-11.727171,-11.741029,-23.924461,-23.700001,-21.003002,15.064795,-23.700001,23.700001,2.535028,-23.700001,-6.506986,11.920731
23.700001,-23.700001,16.823936,12.251577,13.108371,-30.062513,23.700001,15.060244,22.103050,23.700001,2.961977,-6.992999
-17.318052,-2.260859,-30.461880,-23.700001,-22.142929,40.420170,-23.700001,17.298479,15.338511,-23.700001,-16.407898,11.353983
23.700001,-23.700001,27.433315,15.498330,23.700001,-40.152191,23.700001,13.271377,20.832016,23.700001,0.369668,-19.651833
-20.870914,16.557650,-40.225403,-23.700001,-19.802511,45.430000,-23.700001,15.067011,8.924397,-23.700001,-23.700001,15.819666
23.700001,-23.700001,45.430000,23.700001,19.733629,-11.605415,23.700001,4.317297,20.294390,23.700001,7.025375,-37.217297
-23.700001,23.700001,-40.576359,-23.700001,-5.813244,27.803093,-23.700001,3.597676,5.353029,-23.700001,-23.700001,31.972176
