0.76021130	0.76006333	0.76004819	0.76004892	0.76004902	0.76004998	0.76005035	0.76005058	0.76005066	0.76005068	0.76005067	0.76005063	0.76005059	0.76005055	0.76005051	0.76005046	0.76005041	0.76005036	0.76005032	0.76005027	0.76005022	0.76005018	0.76005013	0.76005008	0.76005004	0.76004999	0.76004994	0.76004990	0.76004985	0.76004981	0.76004976	0.76004972	0.76004967	0.76004963	0.76004958	0.76004954	0.76004949	0.76004945	0.76004940	0.76004936	0.76004932	0.76004927	0.76004923	0.76004919	0.76004915	0.76004911	0.76004906	0.76004902	0.76004898	0.76004894	0.76004890	0.76004886	0.76004882	0.76004878	0.76004874	0.76004870	0.76004866	0.76004863	0.76004859	0.76004855	0.76004851	0.76004848	0.76004844	0.76004841	0.76004836	0.76004838	0.76004814	0.76004885	0.76004626	0.76005848	0.76005139	0.76012623	0.76033740	0.76024231	0.76024804	0.76023118	0.76022132	0.76021079	0.76020137	0.76019259	0.76018430	0.76017710	0.76016859	0.76016695	0.76014459	0.76020328	0.76011270	0.76041654	0.76030083	0.76033932	0.76033734	0.76034741	0.76035474	0.76036364	0.76037286	0.76038352	0.76039291	0.76041168	0.76039974	0.76051616
0.75000000	0.75000000	0.75000000	0.75000000	0.75000000	0.75000000	0.75000000	0.75000000	0.75000000	0.75000000	0.75000000	0.75000000	0.75000000	0.75000000	0.75000000	0.75000000	0.75000000	0.75000000	0.75000000	0.75000000	0.75000000	0.75000000	0.75000000	0.75000000	0.75000000	0.75000000	0.75000000	0.75000000	0.75000000	0.75000000	0.75000000	0.75000000	0.75000000	0.75000000	0.74935967	0.74689890	0.74445468	0.74202693	0.73961553	0.73722037	0.73484137	0.73247842	0.73013143	0.72780029	0.72548492	0.72318521	0.72090109	0.71863246	0.71637922	0.71414130	0.71191860	0.70971105	0.70751855	0.70534103	0.70317840	0.70103059	0.69889751	0.69677908	0.69467525	0.69258588	0.69051109	0.68845013	0.68640538	0.68436770	0.68237074	0.68028895	0.67858938	0.67553425	0.67760460	0.66085638	0.71633800	0.67812804	0.59364124	0.60871234	0.59923239	0.59693934	0.59328864	0.59059098	0.58827249	0.58652239	0.58540122	0.58476923	0.58547840	0.58466581	0.59355500	0.57085716	0.67684025	0.75000000	0.75000000	0.75000000	0.75000000	0.75000000	0.75000000	0.75000000	0.75000000	0.75000000	0.75000000	0.75000000	0.75000000	0.75000000
0.47478493	0.62008384	0.66853307	0.71836450	0.74368139	0.75168455	0.75168937	0.75169063	0.75168982	0.75168798	0.75168555	0.75168279	0.75167982	0.75167670	0.75167346	0.75167012	0.75166669	0.75166318	0.75165958	0.75165591	0.75165215	0.75164832	0.75164441	0.75164042	0.75163636	0.75163223	0.75162802	0.75162374	0.75161938	0.75161495	0.75161045	0.75160588	0.75160124	0.75159652	0.75159173	0.75158687	0.75158194	0.75157694	0.75157186	0.75156672	0.75156150	0.75155622	0.75155086	0.75154543	0.75153992	0.75153435	0.75152870	0.75152297	0.75151717	0.75151130	0.75150535	0.75149932	0.75149321	0.75148702	0.75148076	0.75147441	0.75146797	0.75146146	0.75145485	0.75126272	0.75100037	0.75074509	0.75049309	0.75025847	0.74998862	0.74987956	0.74920101	0.75067845	0.74421129	0.75140157	0.68947860	0.75184553	0.75313032	0.75303359	0.75391981	0.75528445	0.75754221	0.76089271	0.76571836	0.77251774	0.78203362	0.79524812	0.81254040	0.83530607	0.85455047	0.90599661	0.85702473	0.57538495	0.58716549	0.54267573	0.51686086	0.48859348	0.46333187	0.44370400	0.43012167	0.42064803	0.41487651	0.40966550	0.41344707	0.39225722
0.71985330	0.71985342	0.71985354	0.71985366	0.71985377	0.71985389	0.71985401	0.71985412	0.71985423	0.71985435	0.71985446	0.71985457	0.71985468	0.71985478	0.71985493	0.71985487	0.71985557	0.71985344	0.71986122	0.71982455	0.71984583	0.71962132	0.71898779	0.71927307	0.71925588	0.71930646	0.71933603	0.71936764	0.71939588	0.71942223	0.71944710	0.71946870	0.71949422	0.71949914	0.71956623	0.71939017	0.71966191	0.71875037	0.71909750	0.71898203	0.71898799	0.71895778	0.71893577	0.71890907	0.71888141	0.71884943	0.71882127	0.71876497	0.71880077	0.71845153	0.71936609	0.71981000	0.71985543	0.71985323	0.71985295	0.71985005	0.71984896	0.71984827	0.71984803	0.71984796	0.71984800	0.71984810	0.71984822	0.71984835	0.71984848	0.71984862	0.71984876	0.71984891	0.71984905	0.71984919	0.71984933	0.71984947	0.71984961	0.71984975	0.71984989	0.71985003	0.71985017	0.71985031	0.71985045	0.71985058	0.71985072	0.71985085	0.71985099	0.71985112	0.71985126	0.71985139	0.71985152	0.71985166	0.71985179	0.71985192	0.71985205	0.71985218	0.71985230	0.71985243	0.71985256	0.71985268	0.71985281	0.71985293	0.71985305	0.71985318
0.71191860	0.70971105	0.70751855	0.70534103	0.70317840	0.70103059	0.69889751	0.69677908	0.69467525	0.69258588	0.69051109	0.68845013	0.68640538	0.68436770	0.68237074	0.68028895	0.67858938	0.67553425	0.67760460	0.66085638	0.71633800	0.67812804	0.59364124	0.60871234	0.59923239	0.59693934	0.59328864	0.59059098	0.58827249	0.58652239	0.58540122	0.58476923	0.58547840	0.58466581	0.59355500	0.57085716	0.67684025	0.75000000	0.75000000	0.75000000	0.75000000	0.75000000	0.75000000	0.75000000	0.75000000	0.75000000	0.75000000	0.75000000	0.75000000	0.75000000	0.75000000	0.75000000	0.75000000	0.75000000	0.75000000	0.75000000	0.75000000	0.75000000	0.75000000	0.75000000	0.75000000	0.75000000	0.75000000	0.75000000	0.75000000	0.75000000	0.75000000	0.75000000	0.75000000	0.75000000	0.75000000	0.75000000	0.75000000	0.75000000	0.75000000	0.75000000	0.75000000	0.75000000	0.75000000	0.75000000	0.75000000	0.75000000	0.75000000	0.75000000	0.74935967	0.74689890	0.74445468	0.74202693	0.73961553	0.73722037	0.73484137	0.73247842	0.73013143	0.72780029	0.72548492	0.72318521	0.72090109	0.71863246	0.71637922	0.71414130
0.75150535	0.75149932	0.75149321	0.75148702	0.75148076	0.75147441	0.75146797	0.75146146	0.75145485	0.75126272	0.75100037	0.75074509	0.75049309	0.75025847	0.74998862	0.74987956	0.74920101	0.75067845	0.74421129	0.75140157	0.68947860	0.75184553	0.75313032	0.75303359	0.75391981	0.75528445	0.75754221	0.76089271	0.76571836	0.77251774	0.78203362	0.79524812	0.81254040	0.83530607	0.85455047	0.90599661	0.85702473	0.57538495	0.58716549	0.54267573	0.51686086	0.48859348	0.46333187	0.44370400	0.43012167	0.42064803	0.41487651	0.40966550	0.41344707	0.39225722	0.47478493	0.62008384	0.66853307	0.71836450	0.74368139	0.75168455	0.75168937	0.75169063	0.75168982	0.75168798	0.75168555	0.75168279	0.75167982	0.75167670	0.75167346	0.75167012	0.75166669	0.75166318	0.75165958	0.75165591	0.75165215	0.75164832	0.75164441	0.75164042	0.75163636	0.75163223	0.75162802	0.75162374	0.75161938	0.75161495	0.75161045	0.75160588	0.75160124	0.75159652	0.75159173	0.75158687	0.75158194	0.75157694	0.75157186	0.75156672	0.75156150	0.75155622	0.75155086	0.75154543	0.75153992	0.75153435	0.75152870	0.75152297	0.75151717	0.75151130
0.76004890	0.76004886	0.76004882	0.76004878	0.76004874	0.76004870	0.76004866	0.76004863	0.76004859	0.76004855	0.76004851	0.76004848	0.76004844	0.76004841	0.76004836	0.76004838	0.76004814	0.76004885	0.76004626	0.76005848	0.76005139	0.76012623	0.76033740	0.76024231	0.76024804	0.76023118	0.76022132	0.76021079	0.76020137	0.76019259	0.76018430	0.76017710	0.76016859	0.76016695	0.76014459	0.76020328	0.76011270	0.76041654	0.76030083	0.76033932	0.76033734	0.76034741	0.76035474	0.76036364	0.76037286	0.76038352	0.76039291	0.76041168	0.76039974	0.76051616	0.76021130	0.76006333	0.76004819	0.76004892	0.76004902	0.76004998	0.76005035	0.76005058	0.76005066	0.76005068	0.76005067	0.76005063	0.76005059	0.76005055	0.76005051	0.76005046	0.76005041	0.76005036	0.76005032	0.76005027	0.76005022	0.76005018	0.76005013	0.76005008	0.76005004	0.76004999	0.76004994	0.76004990	0.76004985	0.76004981	0.76004976	0.76004972	0.76004967	0.76004963	0.76004958	0.76004954	0.76004949	0.76004945	0.76004940	0.76004936	0.76004932	0.76004927	0.76004923	0.76004919	0.76004915	0.76004911	0.76004906	0.76004902	0.76004898	0.76004894
0.71191860	0.70971105	0.70751855	0.70534103	0.70317840	0.70103059	0.69889751	0.69677908	0.69467525	0.69258588	0.69051109	0.68845013	0.68640538	0.68436770	0.68237074	0.68028895	0.67858938	0.67553425	0.67760460	0.66085638	0.71633800	0.67812804	0.59364124	0.60871234	0.59923239	0.59693934	0.59328864	0.59059098	0.58827249	0.58652239	0.58540122	0.58476923	0.58547840	0.58466581	0.59355500	0.57085716	0.67684025	0.75000000	0.75000000	0.75000000	0.75000000	0.75000000	0.75000000	0.75000000	0.75000000	0.75000000	0.75000000	0.75000000	0.75000000	0.75000000	0.75000000	0.75000000	0.75000000	0.75000000	0.75000000	0.75000000	0.75000000	0.75000000	0.75000000	0.75000000	0.75000000	0.75000000	0.75000000	0.75000000	0.75000000	0.75000000	0.75000000	0.75000000	0.75000000	0.75000000	0.75000000	0.75000000	0.75000000	0.75000000	0.75000000	0.75000000	0.75000000	0.75000000	0.75000000	0.75000000	0.75000000	0.75000000	0.75000000	0.75000000	0.74935967	0.74689890	0.74445468	0.74202693	0.73961553	0.73722037	0.73484137	0.73247842	0.73013143	0.72780029	0.72548492	0.72318521	0.72090109	0.71863246	0.71637922	0.71414130
0.75150535	0.75149932	0.75149321	0.75148702	0.75148076	0.75147441	0.75146797	0.75146146	0.75145485	0.75126272	0.75100037	0.75074509	0.75049309	0.75025847	0.74998862	0.74987956	0.74920101	0.75067845	0.74421129	0.75140157	0.68947860	0.75184553	0.75313032	0.75303359	0.75391981	0.75528445	0.75754221	0.76089271	0.76571836	0.77251774	0.78203362	0.79524812	0.81254040	0.83530607	0.85455047	0.90599661	0.85702473	0.57538495	0.58716549	0.54267573	0.51686086	0.48859348	0.46333187	0.44370400	0.43012167	0.42064803	0.41487651	0.40966550	0.41344707	0.39225722	0.47478493	0.62008384	0.66853307	0.71836450	0.74368139	0.75168455	0.75168937	0.75169063	0.75168982	0.75168798	0.75168555	0.75168279	0.75167982	0.75167670	0.75167346	0.75167012	0.75166669	0.75166318	0.75165958	0.75165591	0.75165215	0.75164832	0.75164441	0.75164042	0.75163636	0.75163223	0.75162802	0.75162374	0.75161938	0.75161495	0.75161045	0.75160588	0.75160124	0.75159652	0.75159173	0.75158687	0.75158194	0.75157694	0.75157186	0.75156672	0.75156150	0.75155622	0.75155086	0.75154543	0.75153992	0.75153435	0.75152870	0.75152297	0.75151717	0.75151130
0.71936609	0.71981000	0.71985543	0.71985323	0.71985295	0.71985005	0.71984896	0.71984827	0.71984803	0.71984796	0.71984800	0.71984810	0.71984822	0.71984835	0.71984848	0.71984862	0.71984876	0.71984891	0.71984905	0.71984919	0.71984933	0.71984947	0.71984961	0.71984975	0.71984989	0.71985003	0.71985017	0.71985031	0.71985045	0.71985058	0.71985072	0.71985085	0.71985099	0.71985112	0.71985126	0.71985139	0.71985152	0.71985166	0.71985179	0.71985192	0.71985205	0.71985218	0.71985230	0.71985243	0.71985256	0.71985268	0.71985281	0.71985293	0.71985305	0.71985318	0.71985330	0.71985342	0.71985354	0.71985366	0.71985377	0.71985389	0.71985401	0.71985412	0.71985423	0.71985435	0.71985446	0.71985457	0.71985468	0.71985478	0.71985493	0.71985487	0.71985557	0.71985344	0.71986122	0.71982455	0.71984583	0.71962132	0.71898779	0.71927307	0.71925588	0.71930646	0.71933603	0.71936764	0.71939588	0.71942223	0.71944710	0.71946870	0.71949422	0.71949914	0.71956623	0.71939017	0.71966191	0.71875037	0.71909750	0.71898203	0.71898799	0.71895778	0.71893577	0.71890907	0.71888141	0.71884943	0.71882127	0.71876497	0.71880077	0.71845153
0.75000000	0.75000000	0.75000000	0.75000000	0.75000000	0.75000000	0.75000000	0.75000000	0.75000000	0.75000000	0.75000000	0.75000000	0.75000000	0.75000000	0.75000000	0.75000000	0.75000000	0.75000000	0.75000000	0.75000000	0.75000000	0.75000000	0.75000000	0.75000000	0.75000000	0.75000000	0.75000000	0.75000000	0.75000000	0.75000000	0.75000000	0.75000000	0.75000000	0.75000000	0.74935967	0.74689890	0.74445468	0.74202693	0.73961553	0.73722037	0.73484137	0.73247842	0.73013143	0.72780029	0.72548492	0.72318521	0.72090109	0.71863246	0.71637922	0.71414130	0.71191860	0.70971105	0.70751855	0.70534103	0.70317840	0.70103059	0.69889751	0.69677908	0.69467525	0.69258588	0.69051109	0.68845013	0.68640538	0.68436770	0.68237074	0.68028895	0.67858938	0.67553425	0.67760460	0.66085638	0.71633800	0.67812804	0.59364124	0.60871234	0.59923239	0.59693934	0.59328864	0.59059098	0.58827249	0.58652239	0.58540122	0.58476923	0.58547840	0.58466581	0.59355500	0.57085716	0.67684025	0.75000000	0.75000000	0.75000000	0.75000000	0.75000000	0.75000000	0.75000000	0.75000000	0.75000000	0.75000000	0.75000000	0.75000000	0.75000000
0.47478493	0.62008384	0.66853307	0.71836450	0.74368139	0.75168455	0.75168937	0.75169063	0.75168982	0.75168798	0.75168555	0.75168279	0.75167982	0.75167670	0.75167346	0.75167012	0.75166669	0.75166318	0.75165958	0.75165591	0.75165215	0.75164832	0.75164441	0.75164042	0.75163636	0.75163223	0.75162802	0.75162374	0.75161938	0.75161495	0.75161045	0.75160588	0.75160124	0.75159652	0.75159173	0.75158687	0.75158194	0.75157694	0.75157186	0.75156672	0.75156150	0.75155622	0.75155086	0.75154543	0.75153992	0.75153435	0.75152870	0.75152297	0.75151717	0.75151130	0.75150535	0.75149932	0.75149321	0.75148702	0.75148076	0.75147441	0.75146797	0.75146146	0.75145485	0.75126272	0.75100037	0.75074509	0.75049309	0.75025847	0.74998862	0.74987956	0.74920101	0.75067845	0.74421129	0.75140157	0.68947860	0.75184553	0.75313032	0.75303359	0.75391981	0.75528445	0.75754221	0.76089271	0.76571836	0.77251774	0.78203362	0.79524812	0.81254040	0.83530607	0.85455047	0.90599661	0.85702473	0.57538495	0.58716549	0.54267573	0.51686086	0.48859348	0.46333187	0.44370400	0.43012167	0.42064803	0.41487651	0.40966550	0.41344707	0.39225722
0.71936609	0.71981000	0.71985543	0.71985323	0.71985295	0.71985005	0.71984896	0.71984827	0.71984803	0.71984796	0.71984800	0.71984810	0.71984822	0.71984835	0.71984848	0.71984862	0.71984876	0.71984891	0.71984905	0.71984919	0.71984933	0.71984947	0.71984961	0.71984975	0.71984989	0.71985003	0.71985017	0.71985031	0.71985045	0.71985058	0.71985072	0.71985085	0.71985099	0.71985112	0.71985126	0.71985139	0.71985152	0.71985166	0.71985179	0.71985192	0.71985205	0.71985218	0.71985230	0.71985243	0.71985256	0.71985268	0.71985281	0.71985293	0.71985305	0.71985318	0.71985330	0.71985342	0.71985354	0.71985366	0.71985377	0.71985389	0.71985401	0.71985412	0.71985423	0.71985435	0.71985446	0.71985457	0.71985468	0.71985478	0.71985493	0.71985487	0.71985557	0.71985344	0.71986122	0.71982455	0.71984583	0.71962132	0.71898779	0.71927307	0.71925588	0.71930646	0.71933603	0.71936764	0.71939588	0.71942223	0.71944710	0.71946870	0.71949422	0.71949914	0.71956623	0.71939017	0.71966191	0.71875037	0.71909750	0.71898203	0.71898799	0.71895778	0.71893577	0.71890907	0.71888141	0.71884943	0.71882127	0.71876497	0.71880077	0.71845153
0.59471516	0.66666079	0.66616594	0.67824473	0.68266032	0.68691373	0.69007950	0.69296348	0.69563242	0.69821189	0.70074065	0.70324488	0.70573599	0.70822022	0.71070055	0.71317849	0.71565480	0.71812981	0.72060370	0.72307650	0.72554824	0.72801889	0.73048841	0.73295676	0.73542391	0.73788979	0.74035437	0.74281758	0.74527939	0.74773973	0.75019855	0.75265580	0.75511142	0.75756536	0.75940078	0.75947195	0.75954311	0.75961427	0.75968541	0.75975654	0.75982766	0.75989877	0.75996987	0.76004095	0.76011203	0.76018308	0.76025413	0.76032515	0.76039617	0.76046716	0.76053814	0.76060911	0.76068005	0.76075098	0.76082189	0.76089278	0.76096365	0.76103450	0.76110532	0.76117613	0.76124691	0.76131768	0.76138840	0.76145916	0.76152968	0.76160095	0.76166931	0.76174842	0.76178653	0.76197264	0.76152571	0.76235992	0.76338511	0.76325273	0.76338201	0.76342387	0.76347979	0.76352107	0.76355506	0.76357932	0.76359237	0.76359862	0.76357673	0.76360350	0.76338266	0.76404841	0.76150516	0.70781126	0.72087071	0.69881343	0.68649205	0.67193127	0.65822644	0.64451525	0.63102066	0.61752847	0.60450668	0.59017448	0.58092891	0.55338708
0.75000000	0.75000000	0.75000000	0.75000000	0.75000000	0.74288156	0.73584410	0.73255337	0.73122442	0.73082211	0.73088724	0.73118054	0.73158626	0.73204567	0.73252965	0.73302355	0.73352004	0.73401542	0.73450785	0.73499639	0.73548056	0.73596011	0.73643491	0.73690488	0.73736999	0.73783020	0.73828549	0.73873584	0.73918123	0.73962165	0.74005708	0.74048751	0.74091292	0.74133330	0.74174863	0.74215890	0.74256363	0.74296235	0.74335504	0.74374169	0.74412228	0.74449679	0.74486523	0.74522756	0.74558379	0.74593389	0.74627785	0.74661568	0.74694734	0.74727284	0.74759216	0.74790529	0.74821223	0.74851296	0.74880747	0.74909577	0.74937784	0.74965366	0.74992326	0.75000000	0.75000000	0.75000000	0.75000000	0.75000000	0.75000000	0.75000000	0.75000000	0.75000000	0.75000000	0.73353051	0.75000000	0.52667259	0.36989364	0.42247532	0.41919336	0.42946281	0.43376751	0.43691192	0.43687399	0.43308134	0.42419501	0.40989276	0.39730834	0.37220805	0.38061435	0.23156132	0.75000000	0.75000000	0.75000000	0.75000000	0.75000000	0.75000000	0.75000000	0.75000000	0.75000000	0.75000000	0.75000000	0.75000000	0.75000000	0.75000000
0.76004890	0.76004886	0.76004882	0.76004878	0.76004874	0.76004870	0.76004866	0.76004863	0.76004859	0.76004855	0.76004851	0.76004848	0.76004844	0.76004841	0.76004836	0.76004838	0.76004814	0.76004885	0.76004626	0.76005848	0.76005139	0.76012623	0.76033740	0.76024231	0.76024804	0.76023118	0.76022132	0.76021079	0.76020137	0.76019259	0.76018430	0.76017710	0.76016859	0.76016695	0.76014459	0.76020328	0.76011270	0.76041654	0.76030083	0.76033932	0.76033734	0.76034741	0.76035474	0.76036364	0.76037286	0.76038352	0.76039291	0.76041168	0.76039974	0.76051616	0.76021130	0.76006333	0.76004819	0.76004892	0.76004902	0.76004998	0.76005035	0.76005058	0.76005066	0.76005068	0.76005067	0.76005063	0.76005059	0.76005055	0.76005051	0.76005046	0.76005041	0.76005036	0.76005032	0.76005027	0.76005022	0.76005018	0.76005013	0.76005008	0.76005004	0.76004999	0.76004994	0.76004990	0.76004985	0.76004981	0.76004976	0.76004972	0.76004967	0.76004963	0.76004958	0.76004954	0.76004949	0.76004945	0.76004940	0.76004936	0.76004932	0.76004927	0.76004923	0.76004919	0.76004915	0.76004911	0.76004906	0.76004902	0.76004898	0.76004894
0.76053814	0.76060911	0.76068005	0.76075098	0.76082189	0.76089278	0.76096365	0.76103450	0.76110532	0.76117613	0.76124691	0.76131768	0.76138840	0.76145916	0.76152968	0.76160095	0.76166931	0.76174842	0.76178653	0.76197264	0.76152571	0.76235992	0.76338511	0.76325273	0.76338201	0.76342387	0.76347979	0.76352107	0.76355506	0.76357932	0.76359237	0.76359862	0.76357673	0.76360350	0.76338266	0.76404841	0.76150516	0.70781126	0.72087071	0.69881343	0.68649205	0.67193127	0.65822644	0.64451525	0.63102066	0.61752847	0.60450668	0.59017448	0.58092891	0.55338708	0.59471516	0.66666079	0.66616594	0.67824473	0.68266032	0.68691373	0.69007950	0.69296348	0.69563242	0.69821189	0.70074065	0.70324488	0.70573599	0.70822022	0.71070055	0.71317849	0.71565480	0.71812981	0.72060370	0.72307650	0.72554824	0.72801889	0.73048841	0.73295676	0.73542391	0.73788979	0.74035437	0.74281758	0.74527939	0.74773973	0.75019855	0.75265580	0.75511142	0.75756536	0.75940078	0.75947195	0.75954311	0.75961427	0.75968541	0.75975654	0.75982766	0.75989877	0.75996987	0.76004095	0.76011203	0.76018308	0.76025413	0.76032515	0.76039617	0.76046716
0.74759216	0.74790529	0.74821223	0.74851296	0.74880747	0.74909577	0.74937784	0.74965366	0.74992326	0.75000000	0.75000000	0.75000000	0.75000000	0.75000000	0.75000000	0.75000000	0.75000000	0.75000000	0.75000000	0.73353051	0.75000000	0.52667259	0.36989364	0.42247532	0.41919336	0.42946281	0.43376751	0.43691192	0.43687399	0.43308134	0.42419501	0.40989276	0.39730834	0.37220805	0.38061435	0.23156132	0.75000000	0.75000000	0.75000000	0.75000000	0.75000000	0.75000000	0.75000000	0.75000000	0.75000000	0.75000000	0.75000000	0.75000000	0.75000000	0.75000000	0.75000000	0.75000000	0.75000000	0.75000000	0.75000000	0.74288156	0.73584410	0.73255337	0.73122442	0.73082211	0.73088724	0.73118054	0.73158626	0.73204567	0.73252965	0.73302355	0.73352004	0.73401542	0.73450785	0.73499639	0.73548056	0.73596011	0.73643491	0.73690488	0.73736999	0.73783020	0.73828549	0.73873584	0.73918123	0.73962165	0.74005708	0.74048751	0.74091292	0.74133330	0.74174863	0.74215890	0.74256363	0.74296235	0.74335504	0.74374169	0.74412228	0.74449679	0.74486523	0.74522756	0.74558379	0.74593389	0.74627785	0.74661568	0.74694734	0.74727284
0.71985330	0.71985342	0.71985354	0.71985366	0.71985377	0.71985389	0.71985401	0.71985412	0.71985423	0.71985435	0.71985446	0.71985457	0.71985468	0.71985478	0.71985493	0.71985487	0.71985557	0.71985344	0.71986122	0.71982455	0.71984583	0.71962132	0.71898779	0.71927307	0.71925588	0.71930646	0.71933603	0.71936764	0.71939588	0.71942223	0.71944710	0.71946870	0.71949422	0.71949914	0.71956623	0.71939017	0.71966191	0.71875037	0.71909750	0.71898203	0.71898799	0.71895778	0.71893577	0.71890907	0.71888141	0.71884943	0.71882127	0.71876497	0.71880077	0.71845153	0.71936609	0.71981000	0.71985543	0.71985323	0.71985295	0.71985005	0.71984896	0.71984827	0.71984803	0.71984796	0.71984800	0.71984810	0.71984822	0.71984835	0.71984848	0.71984862	0.71984876	0.71984891	0.71984905	0.71984919	0.71984933	0.71984947	0.71984961	0.71984975	0.71984989	0.71985003	0.71985017	0.71985031	0.71985045	0.71985058	0.71985072	0.71985085	0.71985099	0.71985112	0.71985126	0.71985139	0.71985152	0.71985166	0.71985179	0.71985192	0.71985205	0.71985218	0.71985230	0.71985243	0.71985256	0.71985268	0.71985281	0.71985293	0.71985305	0.71985318
0.76053814	0.76060911	0.76068005	0.76075098	0.76082189	0.76089278	0.76096365	0.76103450	0.76110532	0.76117613	0.76124691	0.76131768	0.76138840	0.76145916	0.76152968	0.76160095	0.76166931	0.76174842	0.76178653	0.76197264	0.76152571	0.76235992	0.76338511	0.76325273	0.76338201	0.76342387	0.76347979	0.76352107	0.76355506	0.76357932	0.76359237	0.76359862	0.76357673	0.76360350	0.76338266	0.76404841	0.76150516	0.70781126	0.72087071	0.69881343	0.68649205	0.67193127	0.65822644	0.64451525	0.63102066	0.61752847	0.60450668	0.59017448	0.58092891	0.55338708	0.59471516	0.66666079	0.66616594	0.67824473	0.68266032	0.68691373	0.69007950	0.69296348	0.69563242	0.69821189	0.70074065	0.70324488	0.70573599	0.70822022	0.71070055	0.71317849	0.71565480	0.71812981	0.72060370	0.72307650	0.72554824	0.72801889	0.73048841	0.73295676	0.73542391	0.73788979	0.74035437	0.74281758	0.74527939	0.74773973	0.75019855	0.75265580	0.75511142	0.75756536	0.75940078	0.75947195	0.75954311	0.75961427	0.75968541	0.75975654	0.75982766	0.75989877	0.75996987	0.76004095	0.76011203	0.76018308	0.76025413	0.76032515	0.76039617	0.76046716
0.74759216	0.74790529	0.74821223	0.74851296	0.74880747	0.74909577	0.74937784	0.74965366	0.74992326	0.75000000	0.75000000	0.75000000	0.75000000	0.75000000	0.75000000	0.75000000	0.75000000	0.75000000	0.75000000	0.73353051	0.75000000	0.52667259	0.36989364	0.42247532	0.41919336	0.42946281	0.43376751	0.43691192	0.43687399	0.43308134	0.42419501	0.40989276	0.39730834	0.37220805	0.38061435	0.23156132	0.75000000	0.75000000	0.75000000	0.75000000	0.75000000	0.75000000	0.75000000	0.75000000	0.75000000	0.75000000	0.75000000	0.75000000	0.75000000	0.75000000	0.75000000	0.75000000	0.75000000	0.75000000	0.75000000	0.74288156	0.73584410	0.73255337	0.73122442	0.73082211	0.73088724	0.73118054	0.73158626	0.73204567	0.73252965	0.73302355	0.73352004	0.73401542	0.73450785	0.73499639	0.73548056	0.73596011	0.73643491	0.73690488	0.73736999	0.73783020	0.73828549	0.73873584	0.73918123	0.73962165	0.74005708	0.74048751	0.74091292	0.74133330	0.74174863	0.74215890	0.74256363	0.74296235	0.74335504	0.74374169	0.74412228	0.74449679	0.74486523	0.74522756	0.74558379	0.74593389	0.74627785	0.74661568	0.74694734	0.74727284
0.76021130	0.76006333	0.76004819	0.76004892	0.76004902	0.76004998	0.76005035	0.76005058	0.76005066	0.76005068	0.76005067	0.76005063	0.76005059	0.76005055	0.76005051	0.76005046	0.76005041	0.76005036	0.76005032	0.76005027	0.76005022	0.76005018	0.76005013	0.76005008	0.76005004	0.76004999	0.76004994	0.76004990	0.76004985	0.76004981	0.76004976	0.76004972	0.76004967	0.76004963	0.76004958	0.76004954	0.76004949	0.76004945	0.76004940	0.76004936	0.76004932	0.76004927	0.76004923	0.76004919	0.76004915	0.76004911	0.76004906	0.76004902	0.76004898	0.76004894	0.76004890	0.76004886	0.76004882	0.76004878	0.76004874	0.76004870	0.76004866	0.76004863	0.76004859	0.76004855	0.76004851	0.76004848	0.76004844	0.76004841	0.76004836	0.76004838	0.76004814	0.76004885	0.76004626	0.76005848	0.76005139	0.76012623	0.76033740	0.76024231	0.76024804	0.76023118	0.76022132	0.76021079	0.76020137	0.76019259	0.76018430	0.76017710	0.76016859	0.76016695	0.76014459	0.76020328	0.76011270	0.76041654	0.76030083	0.76033932	0.76033734	0.76034741	0.76035474	0.76036364	0.76037286	0.76038352	0.76039291	0.76041168	0.76039974	0.76051616
0.59471516	0.66666079	0.66616594	0.67824473	0.68266032	0.68691373	0.69007950	0.69296348	0.69563242	0.69821189	0.70074065	0.70324488	0.70573599	0.70822022	0.71070055	0.71317849	0.71565480	0.71812981	0.72060370	0.72307650	0.72554824	0.72801889	0.73048841	0.73295676	0.73542391	0.73788979	0.74035437	0.74281758	0.74527939	0.74773973	0.75019855	0.75265580	0.75511142	0.75756536	0.75940078	0.75947195	0.75954311	0.75961427	0.75968541	0.75975654	0.75982766	0.75989877	0.75996987	0.76004095	0.76011203	0.76018308	0.76025413	0.76032515	0.76039617	0.76046716	0.76053814	0.76060911	0.76068005	0.76075098	0.76082189	0.76089278	0.76096365	0.76103450	0.76110532	0.76117613	0.76124691	0.76131768	0.76138840	0.76145916	0.76152968	0.76160095	0.76166931	0.76174842	0.76178653	0.76197264	0.76152571	0.76235992	0.76338511	0.76325273	0.76338201	0.76342387	0.76347979	0.76352107	0.76355506	0.76357932	0.76359237	0.76359862	0.76357673	0.76360350	0.76338266	0.76404841	0.76150516	0.70781126	0.72087071	0.69881343	0.68649205	0.67193127	0.65822644	0.64451525	0.63102066	0.61752847	0.60450668	0.59017448	0.58092891	0.55338708
0.75000000	0.75000000	0.75000000	0.75000000	0.75000000	0.74288156	0.73584410	0.73255337	0.73122442	0.73082211	0.73088724	0.73118054	0.73158626	0.73204567	0.73252965	0.73302355	0.73352004	0.73401542	0.73450785	0.73499639	0.73548056	0.73596011	0.73643491	0.73690488	0.73736999	0.73783020	0.73828549	0.73873584	0.73918123	0.73962165	0.74005708	0.74048751	0.74091292	0.74133330	0.74174863	0.74215890	0.74256363	0.74296235	0.74335504	0.74374169	0.74412228	0.74449679	0.74486523	0.74522756	0.74558379	0.74593389	0.74627785	0.74661568	0.74694734	0.74727284	0.74759216	0.74790529	0.74821223	0.74851296	0.74880747	0.74909577	0.74937784	0.74965366	0.74992326	0.75000000	0.75000000	0.75000000	0.75000000	0.75000000	0.75000000	0.75000000	0.75000000	0.75000000	0.75000000	0.73353051	0.75000000	0.52667259	0.36989364	0.42247532	0.41919336	0.42946281	0.43376751	0.43691192	0.43687399	0.43308134	0.42419501	0.40989276	0.39730834	0.37220805	0.38061435	0.23156132	0.75000000	0.75000000	0.75000000	0.75000000	0.75000000	0.75000000	0.75000000	0.75000000	0.75000000	0.75000000	0.75000000	0.75000000	0.75000000	0.75000000
